S.NO,REGISTER NUMBER,STUDENT NAME,YEAR/DEPT
1,921019106016,JOVIKA P,IV/ECE
2,921020104037,PRIYANKA K,III/CSE
3,921021103011,HEMA.T,II/CE
4,22AI05,DHEIVASHRI M,I/AI&DS
5,22AI20,SHOBIKA SHREE,I/AI&DS
6,22AI11,KEERTHANA T,I/AI&DS
7,22IT04,DHIVAHINI M,I/IT
8,22IT12,NIHILAA K,I/IT
9,22IT20,SIVASRI V,I/IT
10,22CE01,AJANTHA A,I/CE
11,22CE08,JINIRA FATHIMA S,I/CE
12,22CE16,PREETHIKA M,I/CE
13,22CS01,AARTHI S,I/CSE
14,22CS11,FARHANA BANU K,I/CSE
15,22CS16,HARINI J,I/CSE
16,22CS20,KARUNYA JOTHIKA S,I/CSE
17,22CS24,KUZHALI E,I/CSE
18,22CS31,NANTHIDHA S,I/CSE
19,22CS36,PUNITHA B,I/CSE
20,22CS45,SONIYA N,I/CSE
21,22CS49,SUBIKSHAA S,I/CSE
22,22CS54,THAVASAKTHI G,I/CSE
23,22CS51,SURUTHI PRATHAP S,I/CSE
24,22EE05,KEERTHI R K,I/EEE
25,22EE11,MAREESHWARI P,I/EEE
26,22EE18,SAI KEERTHI S,I/EEE
27,22EE25,TAMILSELVI M,I/EEE
28,22EC03,ABIRAMI R,I/ECE
29,22EC08,ATCHAYA A,I/ECE
30,22EC15,GAYATHRI G,I/ECE
31,22EC19,HEMITHA S,I/ECE
32,22EC24,JEYASAKTHI G,I/ECE
33,22EC29,KAVIYASREE P,I/ECE
34,22EC39,POORANI K,I/ECE
35,22EC43,PRIYADHARSHINI S,I/ECE
36,22EC49,SHANTHANA K,I/ECE
37,22EC56,VAISHNAVI S,I/ECE
38,22EC30,KEERTHANA BAGAVATHI P,I/ECE
39,921021103006,DHANALAKSHMI.S,II/CE
40,921021103018,MOHANA.I,II/CE
41,921021103025,VASANTHA PRABHA E,II/CE
42,921021104003,BHARATHI C,II/CSE
43,921021104007,DEVI R,II/CSE
44,921021104012,GOWSALYA N,II/CSE
45,921021104016,JENNATH FIRTHOSE M,II/CSE
46,921021104023,LUCKYMALATHI L,II/CSE
47,921021104027,MEENAKSHI R,II/CSE
48,921021104035,PUNITHA S,II/CSE
49,921021104041,RIFAYA BANU N,II/CSE
50,921021104047,SOWMIYA M,II/CSE
51,921021104052,UMA ARASI K,II/CSE
52,921021104301,DHARANI B,II/CSE
53,921021105004,DHANABAKIYA M C,II/EEE
54,921021105011,LOGA PRIYA C,II/EEE
55,921021105019,NAGESWARI M,II/EEE
56,921021105027,SURUTHIKA S,II/EEE
57,921021106002,ABINAYA.N,II/ECE
58,921021106008,DIVYA.A,II/ECE
59,921021106019,RINDHIYA.R,II/ECE
60,921021106025,SHABARNA.K,II/ECE
61,921021106029,THENMOZHI.K,II/ECE
62,921021114017,MOHANAKANI S,II/MECH
63,921020103001,GOKULAPRIYA P,III/CE
64,921020103008,SHREETHIKA K,III/CE
65,921020104004,AKSHAYA P,III/CSE
66,921020104011,CHARUMATHI R,III/CSE
67,921020104016,GAYATHRI LOKSHIYA K,III/CSE
68,921020104021,ILAKKIYA M,III/CSE
69,921020104027,LALITHA S,III/CSE
70,921020104046,SATHYA PRIYA P,III/CSE
71,921020104052,SOWNDARYALAKSHMI. B,III/CSE
72,921020104060,VINOTHINI P,III/CSE
73,921020105004,DEEPIKA S,III/EEE
74,921020105014,NILAFAR PARVEEN R,III/EEE
75,921020106003,AJANTHA MEENA,III/ECE
76,921020106008,DEEPA G,III/ECE
77,921020106013,HEMA RAHINI K,III/ECE
78,921020106020,MANISHA M,III/ECE
79,921020106024,NANDHINI.M,III/ECE
80,921020106028,RACHEL J,III/ECE
81,921020106034,SARO VARSHNI S,III/ECE
82,921020106040,SOUNDARYA N,III/ECE
83,921019103001,ANUKIRAHA S,IV/CE
84,921019103011,VARNA E,IV/CE
85,921019104002,ABITHA B,IV/CSE
86,921019104007,ASWATHA M,IV/CSE
87,921019104011,DHARANI R,IV/CSE
88,921019104026,MAHESHWARI A,IV/CSE
89,921019104034,PANDEESWARI S,IV/CSE
90,921019104040,RAMYA E,IV/CSE
91,921019104048,SHARMILADEVI M,IV/CSE
92,921019104702,SURUTHI,IV/CSE
93,921019105004,NISHA V,IV/EEE
94,921019106007,GOWRI DHARSHINI P,IV/ECE
95,921019106023,MUTHU LAKSHMI K,IV/ECE
96,921019106029,RITHIGA S,IV/ECE
97,921019106033,SHANMUGAPRIYA M,IV/ECE
98,921019106039,SWETHA V,IV/ECE
