S.NO,REGISTER NUMBER,STUDENT NAME,YEAR/DEPT
1,921019104038,PRATHIKSHA B,IV/CSE
2,921020106011,GOWSHIGA G,III/ECE
3,921021105006,GOWRI A,II/EEE
4,921022243003,AKSHAYA K,I/AI&DS
5,22AI16,RAJA VARSHINI,I/AI&DS
6,22AI22,SRIDEVI B,I/AI&DS
7,22IT02,ABI GAYATHRI P,I/IT
8,22IT08,NAGAJOTHI M,I/IT
9,22IT16,RAMYA PRIYA J,I/IT
10,22IT25,YAMINI S,I/IT
11,22CE03,DHINESHWARI P,I/CE
12,22CE10,KAVIYA M,I/CE
13,22CE23,VARSHINI M,I/CE
14,22CS05,ANANDHITHA GAYATHRI A,I/CSE
15,22CS14,GOWRI M,I/CSE
16,22CS18,KALADEVI S,I/CSE
17,22CS22,KIRUTHIKA G,I/CSE
18,22CS26,MADHUBALA S,I/CSE
19,22CS34,POOJA T,I/CSE
20,22CS42,SHIVANIHA J,I/CSE
21,22CS46,SRINATHI S,I/CSE
22,22CS52,SUSMITHA S,I/CSE
23,22CS57,VIJITHRA V,I/CSE
24,22CS02,ABARNA A,I/CSE
25,22EE08,MADHUBALA P,I/EEE
26,22EE14,NARMADHA M,I/EEE
27,22EE23,SUBERIYA FATHIMA R,I/EEE
28,22EC01,ABINAYA T,I/ECE
29,22EC05,AMRISHAA S,I/ECE
30,22EC11,CHRISTINA D,I/ECE
32,22EC21,JANANI S,I/ECE
33,22EC26,JEYASRI V,I/ECE
34,22EC34,MIRUDHULA V,I/ECE
35,22EC41,PRITHIKA P,I/ECE
36,22EC47,SATHIYA P,I/ECE
37,22EC51,SIVANI M,I/ECE
38,22EC59,YUVADHARSHINI S,I/ECE
39,921021103002,ABIRAMI.E,II/CE
40,921021103009,HARIPRABHA.V,II/CE
41,921021103014,LISHANA HASSIN.S,II/CE
42,921021103023,SIVARANJANI S,II/CE
43,921021103701,DHARANI PRABAKAR,II/CE
44,921021104005,DEEPIKA E,II/CSE
45,921021104010,EPSHIBA R,II/CSE
46,921021104014,JACINTH SHARON S,II/CSE
47,921021104019,KIRUTHIKA B,II/CSE
48,921021104025,MAMITHA T,II/CSE
49,921021104039,RENUGA DEVI N,II/CSE
50,921021104043,RUTHRANAYAKI D,II/CSE
51,921021104038,RAVINA P,II/CSE
52,921021105001,ABIRAMI P,II/EEE
53,921021104055,VINISHA M,II/CSE
54,921021105015,NAGADEEPIKA.M,II/EEE
55,921021105022,POOJA SRI A,II/EEE
56,921021105031,VIVEKA T,II/EEE
57,921021106005,ASMITHA.S,II/ECE
58,921021106016,PAVITHRA T,II/ECE
59,921021106027,SISHANI.K,II/ECE
60,921021114005,GANESH SHREE.M,II/MECH
61,921021114027,RAMZAN BEGAM J,II/MECH
62,921020103005,POOVITHA,III/CE
63,921020104002,AISHWARYA B,III/CSE
64,921020104008,BAVITHRA S,III/CSE
65,921020104014,DHARSHINI S,III/CSE
66,921020104019,HARSHINI J T,III/CSE
67,921020104030,MANUSRI M,III/CSE
68,921020104043,SAKTHI BHARATHI K,III/CSE
69,921020104049,SHRUTHI V R,III/CSE
70,921020104056,VARSHINI P,III/CSE
71,921020105001,AMBIHESHWARI V,III/EEE
72,921020105010,MAHALAKSHMI B,III/EEE
73,921020105301,ABINAYA P,III/EEE
74,921020106006,CHRISHTY P,III/ECE
75,921020104023,JENIFAR FATHIMA H,III/CSE
76,921020106016,KARTHIKA R,III/ECE
77,921020106022,MEERABAI S,III/ECE
78,921020106026,PRIYADHARSHINI R,III/ECE
79,921020106030,REKA B,III/ECE
80,921020106036,SHALINI S,III/ECE
81,921020106043,VISHNU PRIYA G,III/ECE
82,921019103006,JEYASRI P,IV/CE
83,921019103014,ZENNATHUL FIRTAOUS,IV/CE
84,921019104005,ANNAPOORANI P,IV/CSE
85,921019104009,DEEPA S,IV/CSE
86,921019104020,JANANI PRIYA M,IV/CSE
87,921019104032,MONICA T,IV/CSE
88,921019104042,REVATHY M,IV/CSE
89,921019104051,SONI K,IV/CSE
90,921019105001,ABINAYA DEVI A,IV/EEE
91,921019106003,ANI SWEDHA D,IV/ECE
92,921019106013,JEEVITHA P,IV/ECE
93,921019106018,KARTHIKA S,IV/ECE
94,921019106027,REETHA S,IV/ECE
95,921019106031,SAHANA S,IV/ECE
96,921019106035,SHUBAKEERTHI M,IV/ECE
97,921019106043,YUVETHA M,IV/ECE
98,921019106012,JAWAHAR RIFFATH N,IV/ECE
99,22EE28,VELMANI,I/EEE
