S.NO,REGISTER NUMBER,STUDENT NAME,YEAR/DEPT
1,921019103003,BALAJI M,IV/CE
2,921020104057,VENKATESH M,III/CSE
3,921021114006,GOKUL.R,II/MECH
4,22AI01,AJAY M,I/AI&DS
5,22AI10,KARAN S,I/AI&DS
6,22AI15,PRANAV S,I/AI&DS
7,22IT05,GOWSIK P,I/IT
8,22IT18,SARVAJI M,I/IT
9,22IT24,VIGNESHWARAN S,I/IT
10,22CE05,HARIPRASATH M,I/CE
11,22CE14,PARTHASARATHI S,I/CE
12,22CE21,SOLAIRAJA K,I/CE
13,22CS03,AKILAN A,I/CSE
14,22CS13,GOKULNATH B,I/CSE
15,22CS32,NITHISH V,I/CSE
16,22CS41,SACHITHANANDAN S,I/CSE
17,22CS60,YUGESH KUMAR A,I/CSE
18,22EE06,KIRUTHIK RAM R,I/EEE
19,22EE16,RAJESH R,I/EEE
20,22EE26,THANIYAL M,I/EEE
21,22EE31,YOGESH PANDI S,I/EEE
22,22EC13,DHARSHAN V,I/ECE
23,22EC33,MANISH N,I/ECE
24,22EC45,SAMYKUMAR S,I/ECE
25,22EC58,YOGESH K,I/ECE
26,22ME04,BHARATH KUMARAN N,I/MECH
27,22ME08,GOWTHAM P,I/MECH
28,22ME12,KARTHICKRAJA B,I/MECH
29,22ME16,MAYALAGAN R,I/MECH
30,22ME21,RITHEESHKUMAR S,I/MECH
31,22ME18,MUTHU BALAJI,I/MECH
32,921021103012,KARUNAKARAN R,II/CE
33,921021103022,SANTHANAKARUPAN A,II/CE
34,921021103303,SHANMUGAPANDI K,II/CE
35,921021104018,KEVIN ARUL RAJA A,II/CSE
36,921021104033,PRASANNA V,II/CSE
37,921021104044,SANTHOSH E,II/CSE
38,921021104056,YOGESHWARAN J,II/CSE
39,921021105007,HARIBABU P P,II/EEE
40,921021105018,NAGENDRAN.S,II/EEE
41,921021105029,VELAN S,II/EEE
42,921021106006,DEEPAK KUMAR.V,II/ECE
43,921021106013,KARTHIKEYAN.S,II/ECE
44,921021106020,SABAREESHWARAN S,II/ECE
45,921021114001,AJITH.G,II/MECH
46,921021114010,HARISH S,II/MECH
47,921021114015,MANIMARAN.V,II/MECH
48,921021114020,NAREN KARTHICK.M.K,II/MECH
49,921021114025,PERUMAL SWAMY M,II/MECH
50,921021114030,SANJAYKUMAR.C,II/MECH
51,921021114034,SETHUPATHI S,II/MECH
52,921021114039,SURENDRAN.V,II/MECH
53,921021114043,VASANTHA KUMAR K,II/MECH
54,921021114049,YUVARAJ.K (15.02.2004),II/MECH
55,921021114303,SOUNDARAPANDI B,II/MECH
56,921020103302,MAHEE AJMEER A,III/CE
57,921020104010,BRUTHESAVAN M,III/CSE
58,921020104026,KISHON KARTHIK T,III/CSE
59,921020104033,NITHISH KUMAR S,III/CSE
60,921020104039,RAJA PANDIAN P,III/CSE
61,921020104047,SELVA SANTHOSH M,III/CSE
62,921020105008,KARTHIKEYAN S,III/EEE
63,921020105018,PRAKATHEESWARAN M,III/EEE
64,921020105303,KESAVARAYAN E,III/EEE
65,921020106017,KATHIRAVAN,III/ECE
66,921020106038,SHRISH K,III/ECE
67,921020106303,SABARI GANESH A,III/ECE
68,921020114003,ARAVINDKUMAR G,III/MECH
69,921020114008,GOKUL M,III/MECH
70,921020114012,HARIKRISHNA T,III/MECH
71,921020114016,MOHAMED VASIUL AKRAM M,III/MECH
72,921020114020,PRAVEEN P,III/MECH
73,921020114024,VELMURUGAN M,III/MECH
74,921020114301,PRAVEEN KUMAR M,III/MECH
75,921019103010,SHAJITH ALI A,IV/CE
76,921019104004,ANAND K,IV/CSE
77,921019104016,HARIKRISHNAN.R,IV/CSE
78,921019104021,JAWAHAR HARIHARAN,IV/CSE
79,921019104028,MOHAMED NAINAR A,IV/CSE
80,921019104037,PONMUTHUARAVINDH K,IV/CSE
81,921019104046,SHAKUL KANI N,IV/CSE
82,921019104057,VIJAYAMANIKANDAN T,IV/CSE
83,921019105003,DHARANI DHARAN M,IV/EEE
84,921019105009,SUTHARSAN T,IV/EEE
85,921019106005,DEVARAJAN S M,IV/ECE
86,921019106030,ROHITHRAM K,IV/ECE
87,921019106024,NAVEEN KUMAR G,IV/ECE
88,921019106502,KISHORE D,IV/ECE
89,921019114004,ANANTHAKUMAR B,IV/MECH
90,921019114008,GOKULA KRISHNAN V,IV/MECH
91,921019114012,KAVIKUMAR G,IV/MECH
92,921019114017,PRAKASH K,IV/MECH
93,921019114024,SARAVANAKUMAR S,IV/MECH
94,921019114029,VENKATESHWARAN V,IV/MECH
95,921019114304,UTHAYA V,IV/MECH
