S.NO,REGISTER NUMBER,STUDENT NAME,YEAR/DEPT
1,921019103005,HEMALATHA M,IV/CE
2,921020106014,JAYASHREE P,III/ECE
3,921021105005,GOBIKA.M,II/EEE
4,22AI08,ISHANI,I/AI&DS
5,22AI21,SHRI HARINI S,I/AI&DS
6,22AI07,DURGA DEVI S,I/AI&DS
7,22IT07,NAAFIYA SHIRIN A,I/IT
8,22IT15,PREETHI V,I/IT
9,22IT23,SWATHI P,I/IT
10,22CE02,DEVAGI K,I/CE
11,22CE09,KAVIYA LM,I/CE
12,22CE17,PRIYADHARSHINI K,I/CE
13,22CS04,AKSHAYA N S,I/CSE
14,22CS12,FEMILA M,I/CSE
15,22CS17,JEYASRI C,I/CSE
16,22CS21,KAVIYASHREE B,I/CSE
17,22CS25,LALITHAMBIHAI R G,I/CSE
18,22CS33,PALASAI JOSHIKA P,I/CSE
19,22CS39,RESHMA SHREE L V,I/CSE
20,22CS47,SRI SAKTHI S,I/CSE
21,22CS50,SUJITHRA V,I/CSE
22,22CS55,VARSHINI K,I/CSE
23,22CS07,ARCHANA A,I/CSE
24,22EE07,LAVANYA R G,I/EEE
25,22EE13,MONIKA R,I/EEE
26,22EE19,SANDHIYA C,I/EEE
27,22EE30,YAZHINI M,I/EEE
28,22EC04,AISHVARRYA A,I/ECE
29,22EC12,DEEPA LAKHSMI,I/ECE
31,22EC20,JANANI K,I/ECE
32,22EC25,JEYASREE VEE,I/ECE
33,22EC31,LAKSHMIPRIYA M,I/ECE
34,22EC40,PRAVEENA V,I/ECE
35,22EC44,RITHIKA V,I/ECE
36,22EC50,SHRI HARINI A,I/ECE
37,22EC57,YALINI SUGAVATHI S,I/ECE
38,921021103001,ABINAYA.P,II/CE
39,921021103007,DHARUNAA R,II/CE
40,921021103013,KAVIYA.R,II/CE
41,921021103019,NASRIN BANU.S,II/CE
42,921021103026,VELLI NILA S,II/CE
43,921021104004,BHUVANALAKSHMI R,II/CSE
44,921021104008,DHARSHINI.L,II/CSE
45,921021104013,HARINI M,II/CSE
46,921021104017,KEERTHANA M,II/CSE
47,921021104024,MAHASEWTHA.M,II/CSE
48,921021104030,MUTHUVAISHALI T,II/CSE
49,921021104034,PRISHA M,II/CSE
50,921021104042,ROOBINI G,II/CSE
51,921021104048,SRI HARI PREETHA M,II/CSE
52,921021104053,UVA SRI K,II/CSE
53,921021104401,NAZREEN M,II/CSE
54,921021105012,MAHALAKSHMI L,II/EEE
55,921021105021,NITHYADEVI G,II/EEE
56,921021105030,VISHNU PRIYA N,II/EEE
57,921021106003,AIYSWARRYA.R,II/ECE
58,921021106011,JASEEMA.A,II/ECE
59,921021106022,SAKANA SRI.A,II/ECE
60,921021106026,SHANJINI.S,II/ECE
61,921021106032,VIJAYALAKSHMI.G,II/ECE
62,921021114023,PANDI SELVI.S,II/MECH
63,921020103004,MARIYAM KHANITHA S,III/CE
64,921020104001,ABARNA M,III/CSE
65,921020104005,ANEES FATHIMA A,III/CSE
66,921020104012,DEVISHREE A,III/CSE
67,921020104018,HARINI G,III/CSE
68,921020104022,INIYA SHREE.S,III/CSE
69,921020104029,MAHADEVI P,III/CSE
70,921020104042,SAIPRIYADHARSHINI N S,III/CSE
71,921020104048,SHALINI A,III/CSE
72,921020104053,SRINITHI S,III/CSE
73,921020104061,VIVETHA M,III/CSE
74,921020105005,DEVADHARSINI V,III/EEE
75,921020105016,PANDIESWARI G,III/EEE
76,921020106005,BHAGYE SREE P,III/ECE
77,921020106009,DEEPADHARSHINI R,III/ECE
78,921020106021,MEERA S,III/ECE
79,921020106025,NIVETHA R,III/ECE
80,921020106029,RAGAVI V,III/ECE
81,921020106035,SATHIYASELVI M,III/ECE
82,921020106042,VENKATESHWARI S,III/ECE
83,921019103012,VIJAYARANI K,IV/CE
84,921019104003,AHMED RESHMA  N,IV/CSE
85,921019104008,CHIBI S,IV/CSE
86,921019104012,DHARSHANAPRIYA V,IV/CSE
87,921019104030,MOHANAPRIYA S,IV/CSE
88,921019104035,PARKAVI,IV/CSE
89,921019104041,RENUGA B,IV/CSE
90,921019104049,SHARUMATHI S,IV/CSE
91,921019104703,DIVYA,IV/CSE
92,921019106001,ACHUTHA L,IV/ECE
93,921019106011,INDHUMATHI M,IV/ECE
94,921019106017,KALAIVANI G,IV/ECE
95,921019106025,RAMYADEVI A,IV/ECE
96,921019106034,SHARMILA M,IV/ECE
97,921019106041,VALARMATHI G,IV/ECE
