S.NO,REGISTER NUMBER,STUDENT NAME,YEAR/DEPT
1,921019106014,JEYA SHEELAN J,IV/ECE
2,921020103003,JOSH POVASH C,III/CE
3,921021114016,MOHAMMED ISKAK,II/MECH
4,22AI02,AJAY S,I/AI&DS
5,22AI12,NAVEENKUMAR S,I/AI&DS
6,22AI17,SANDHOSH G,I/AI&DS
7,22IT11,NAVEEN BHARATHI B,I/IT
8,22IT19,SATHYA SEELAN M,I/IT
9,22IT26,YOHITHKUMAR R,I/IT
10,22CE06,JEGAN P,I/CE
11,22CE15,PERIYAMAYEE S,I/CE
12,22CE22,SUDARNILAVAN N,I/CE
13,22CS08,BHARATH SURYA M,I/CSE
14,22CS27,MAHMOOD SHAFI K,I/CSE
15,22CS37,RAMSANJEEV R,I/CSE
16,22CS44,SIVAPANDI V,I/CSE
17,22EE01,ARAVIND S,I/EEE
18,22EE10,MANIKANDAN M,I/EEE
19,22EE20,SANJAY C,I/EEE
20,22EE27,THIYAGARAJAN B,I/EEE
21,22EC07,ARUNESH PANDI S,I/ECE
22,22EC23,JEYARAM S,I/ECE
23,22EC35,MOHAMED SALMAN A,I/ECE
24,22EC53,SUHAIL AKTHAR M,I/ECE
25,22ME01,ARAVINDH D,I/MECH
26,22ME05,DINESH A,I/MECH
27,22ME09,GURUPRASATH K,I/MECH
28,22ME13,KESAVAN S,I/MECH
29,22ME17,MOHAMMED NAWFALS,I/MECH
30,22ME22,SRINITHISH A,I/MECH
31,22ME24,VIGNESH,I/MECH
32,921021103016,MADURAI VEERAN.L,II/CE
33,921021103028,VIGNESH S,II/CE
34,921021104001,ABISHECK B,II/CSE
35,921021104021,LISANTH V,II/CSE
36,921021104045,SARAN S,II/CSE
37,921021104701,YOGESH S,II/CSE
38,921021105010,KISHORE BABU R,II/EEE
39,921021105020,NATARAJAN K,II/EEE
40,921021105301,RAVI KUMAR M,II/EEE
41,921021106009,GOWTHAM M,II/ECE
42,921021106014,LOGESH GNANAVEL S,II/ECE
43,921021106021,SABARI GIRI V,II/ECE
44,921021114002,ARUN PANDIYAN.V,II/MECH
45,921021114007,GOWRISHANKAR.P,II/MECH
46,921021114011,KARTHICKRAJA.K,II/MECH
47,921021114021,NITHISHKUMAR R,II/MECH
48,921021114026,PRABHU P,II/MECH
49,921021114031,SANMUGAM V,II/MECH
50,921021114035,SIVA PRAKASH.S,II/MECH
51,921021114040,SURESHPANDI.D,II/MECH
52,921021114045,VIGNESH M,II/MECH
53,921021114050,YUVARAJ.K,II/MECH
54,921020114004,ASHOK KUMAR S,III/MECH
55,921020103303,SOUNDARAPANDI,III/CE
56,921020104013,DHANUSKAR. S,III/CSE
57,921020104028,MADAVAN K,III/CSE
58,921020104034,PARTHIPAN R,III/CSE
59,921020104040,REVANTHRAMESH S,III/CSE
60,921020104050,SIVAKUMAR K,III/CSE
61,921020104058,VIDYA SAGAR S,III/CSE
62,921020105009,KAVIYARASAN K,III/EEE
63,921020105019,SUNIL KRISHNA T S S S,III/EEE
64,921020106001,ABDUL PASITH S,III/ECE
65,921020106018,KRISHNASAMY P,III/ECE
66,921020106039,SIVABALA N,III/ECE
67,921020106304,VIGNESHWARAN M,III/ECE
68,921020114009,GOWTHAM P,III/MECH
69,921020114013,JAI SURIYA J,III/MECH
70,921020114017,MOHANKUMAR S,III/MECH
71,921020114021,PRAWIN RAJ B,III/MECH
72,921020114025,VETRISELVAN S,III/MECH
73,921020114302,SEBASTIN RENI A,III/MECH
74,921019103004,HARIBABU S,IV/CE
75,921019103013,VIMAL S,IV/CE
76,921019104013,DINESH S,IV/CSE
77,921019104017,HARI PRASAD J,IV/CSE
78,921019104023,KARUPPASAMY S,IV/CSE
79,921019104029,MOHAMED SAMSUL H,IV/CSE
80,921019104043,SANJAYKUMAR R,IV/CSE
81,921019104050,SIVABALAN P,IV/CSE
82,921019104058,VISHNU BALA K,IV/CSE
83,921019105005,SENTHAMILAN S,IV/EEE
84,921019105010,VIGNESH P,IV/EEE
85,921019106008,HARI HARAN S,IV/ECE
86,921019106038,SURENDRAN B,IV/ECE
87,921019114001,AANANDRAJ V,IV/MECH
88,921019114005,ARUN PRAKASH M,IV/MECH
89,921019114009,GOPINATH S,IV/MECH
90,921019114014,MOHAMMED MUBARAH S,IV/MECH
91,921019114018,PRAKASHRAJ K,IV/MECH
92,921019114025,SRIDHAR J,IV/MECH
93,921019114301,BALAKUMAR P,IV/MECH
