S.NO,REGISTER NUMBER,STUDENT NAME,YEAR/DEPT
1,921019114007,DINESHBABU C,IV/MECH
2,921020105012,MARIYA ANTONY M,III/EEE
3,921021103021,RAHUL R,II/CE
4,22AI09,JEYAGOKUL.M,I/AI&DS
5,22AI14,PARI VIGNESH D S,I/AI&DS
6,22IT01,AASWIN JS,I/IT
7,22IT14,PRAVIN K,I/IT
8,22IT22,SURYAPRAKASH A,I/IT
9,22CE04,HARI KRISHNAN R,I/CE
10,22CE13,PANDISELVAM T,I/CE
11,22CE20,SIVANESAN M,I/CE
12,22CE18,SANTHOSH KUMAR R,I/CE
13,22CS10,DHANUSH D,I/CSE
14,22CS29,MIRUTHYUNJAY J A,I/CSE
15,22CS40,RITHISH V,I/CSE
16,22CS59,YOGESHWARAN M,I/CSE
17,22EE03,AZHAGU RENGAN N,I/EEE
18,22EE15,NITHIYANANTHAM M,I/EEE
19,22EE22,SRIHARISHKUMAR C,I/EEE
20,22EE29,VIJAYENDRAN R,I/EEE
21,22EC10,CALEBRAJA D,I/ECE
22,22EC32,MADHESH S,I/ECE
23,22EC37,NAVEEN PRASATH S,I/ECE
24,22EC55,SURYA M,I/ECE
25,22ME03,AZHAHAR M,I/MECH
26,22ME07,GOKUL R,I/MECH
27,22ME11,JANARTHANAN A,I/MECH
28,22ME15,MANIKKAM V,I/MECH
29,22ME20,PRABHU M,I/MECH
30,22ME25,VISAGAN R,I/MECH
31,921021103008,DHINESH KUMAR.V,II/CE
32,921021114047,VIJAY.J,II/MECH
33,921021103302,SARVESHWARAN V,II/CE
34,921021104009,DINESH R,II/CSE
35,921021104029,MUKILAN S,II/CSE
36,921021104036,RAMKUMAR,II/CSE
37,921021104054,VIGNESH G,II/CSE
38,921021105002,BHARATHWAJ S,II/EEE
39,921021105017,NAGAPRABU S,II/EEE
40,921021105028,UDHAYAKUMAR V,II/EEE
41,921021106004,ARUNPANDI.C,II/ECE
42,921021106012,JEYAKUMAR.M,II/ECE
43,921021106017,RAMACHANDRAN.S,II/ECE
44,921021106031,VEERAKALESWARAN.P,II/ECE
45,921021114004,DHARMASURYA.D,II/MECH
46,921021114009,HARISH P,II/MECH
47,921021114013,KISHORE KUMAR G K,II/MECH
48,921021114019,MUTHUSELVAM.G,II/MECH
49,921021114024,PALANIMURUGAN.C,II/MECH
50,921021114029,SANJAI A,II/MECH
51,921021114033,SASIKUMAR.R,II/MECH
52,921021114037,SUNDAR M,II/MECH
53,921021114042,VAIRAVAN S,II/MECH
54,921021114302,RAMACHANDRAN R,II/MECH
55,921020103301,AHAMED ARASATH,III/CE
56,921020104007,ARUN P S,III/CSE
57,921020104025,KARTHIK BABU,III/CSE
58,921020104032,NAVEEN RAJA R,III/CSE
59,921020104038,RAJAMANI R.M.R,III/CSE
60,921020104045,SANGILIMUTHU S,III/CSE
61,921020104055,THANGA RAJ K,III/CSE
62,921020105006,HARIHARASUDHAN T,III/EEE
63,921020105302,ABINESHKANNA L,III/EEE
64,921020106015,JEGADESH S,III/ECE
65,921020106033,SARAVANAPANDI A,III/ECE
66,921020106301,ASHWIN VENKAT G,III/ECE
67,921020114002,AMRIT SRINITHI HARIRAJAN A,III/MECH
68,921020114006,DIVAGAR M,III/MECH
69,921020114011,HARI.S,III/MECH
70,921020114015,MANOJ KUMAR V,III/MECH
71,921020114019,NAVEENKUMAR K,III/MECH
72,921020114023,SIVALINGESHWARAN V,III/MECH
73,921020114027,VISWANATHAN S,III/MECH
74,921019103002,ARISH KANNAN D,IV/CE
75,921019103008,RAMA KRISHNA L,IV/CE
76,921019103302,RAJESH KANNAN,IV/CE
77,921019104015,GOPALA KRISHNAN K,IV/CSE
78,921019104019,HARIVIGNESHKUMAR K,IV/CSE
79,921019104027,MANOJKUMAR S,IV/CSE
80,921019104036,PENNY CUICK S,IV/CSE
81,921019104045,SARAVANAN M,IV/CSE
82,921019104056,VIGNESHKUMAR P,IV/CSE
83,921019104302,RAMANAN V,IV/CSE
84,921019105007,SUNDARAMAHALINGAM,IV/EEE
85,921019106004,BABU KANNA B,IV/ECE
86,921019106010,HEMANANTH P,IV/ECE
87,921019106022,MOHAMED KATHAR MOHAIDEEN A,IV/ECE
88,921019106042,VINOTHAN S,IV/ECE
89,921019114003,AJITH M,IV/MECH
90,921019114007,DINESHBABU C S,IV/MECH
91,921019114011,JAYAKUMAR S,IV/MECH
92,921019114016,PALANI L,IV/MECH
93,921019114023,SANJAY KUMAR S,IV/MECH
94,921019114028,UDHAYA KUMAR P,IV/MECH
95,921019114303,SENTHILGURU PANDI R,IV/MECH
