-- phpMyAdmin SQL Dump
-- version 5.2.1
-- https://www.phpmyadmin.net/
--
-- Host: localhost:3306
-- Generation Time: Sep 08, 2024 at 12:01 PM
-- Server version: 8.0.37
-- PHP Version: 8.3.8

SET SQL_MODE = "NO_AUTO_VALUE_ON_ZERO";
START TRANSACTION;
SET time_zone = "+00:00";


/*!40101 SET @OLD_CHARACTER_SET_CLIENT=@@CHARACTER_SET_CLIENT */;
/*!40101 SET @OLD_CHARACTER_SET_RESULTS=@@CHARACTER_SET_RESULTS */;
/*!40101 SET @OLD_COLLATION_CONNECTION=@@COLLATION_CONNECTION */;
/*!40101 SET NAMES utf8mb4 */;

--
-- Database: `nscet_waves_23`
--

-- --------------------------------------------------------

--
-- Table structure for table `admindb`
--

CREATE TABLE `admindb` (
  `id` int NOT NULL,
  `name` varchar(255) COLLATE utf8mb4_general_ci NOT NULL,
  `dept` varchar(255) COLLATE utf8mb4_general_ci NOT NULL,
  `reg_no` varchar(255) COLLATE utf8mb4_general_ci NOT NULL,
  `role` varchar(255) COLLATE utf8mb4_general_ci NOT NULL,
  `password` varchar(255) COLLATE utf8mb4_general_ci NOT NULL,
  `event_name` varchar(255) COLLATE utf8mb4_general_ci NOT NULL,
  `house_name` varchar(255) COLLATE utf8mb4_general_ci NOT NULL DEFAULT '-'
) ENGINE=InnoDB DEFAULT CHARSET=utf8mb4 COLLATE=utf8mb4_general_ci;

--
-- Dumping data for table `admindb`
--

INSERT INTO `admindb` (`id`, `name`, `dept`, `reg_no`, `role`, `password`, `event_name`, `house_name`) VALUES
(3, 'Mr.B.Nagarajan', '-', '-', 'event coordinator', '$2y$10$yRvT19wg/TKB4aYGDfowGuiqY.u1DRXTDY66V6KGqgUZ37f3nNAYG', 'CARBON ART', '-'),
(4, 'Mr.N.Vignesan', '-', '-', 'event coordinator', '$2y$10$yRvT19wg/TKB4aYGDfowGuiqY.u1DRXTDY66V6KGqgUZ37f3nNAYG', 'CARBON ART', '-'),
(7, 'Mr.A.KarthikRaja', '-', '-', 'event coordinator', '$2y$10$1/MYxBq232sUETzcIR8V8OA8JhaA6j0QM5cfy9fKU5kHO.RyvRAdi', 'PICASSO ON GLASS', '-'),
(8, 'Mr.K.RajaGuru', '-', '-', 'event coordinator', '$2y$10$1/MYxBq232sUETzcIR8V8OA8JhaA6j0QM5cfy9fKU5kHO.RyvRAdi', 'PICASSO ON GLASS', '-'),
(9, 'Dr.A.SolaiRaj', '-', '-', 'event coordinator', '$2y$10$W..34S5vWyMLH7AeSUarJeFgE5DOh.u.ZQhhSE8NBlJKJCmNNe9q2', 'ARTY CRAFTY', '-'),
(10, 'Mr.G.ArunKumar', '-', '-', 'event coordinator', '$2y$10$W..34S5vWyMLH7AeSUarJeFgE5DOh.u.ZQhhSE8NBlJKJCmNNe9q2', 'ARTY CRAFTY', '-'),
(11, 'Mr.R.Santhaseelan', '-', '-', 'event coordinator', '$2y$10$ptV9yNn/O4yGTaWLj9KAsuUBAzQurSqEhnSelx6u/W66OnZbvuFcm', 'INSTAREEL RIVALS', '-'),
(12, 'Ms.B.Abinaya', '-', '-', 'event coordinator', '$2y$10$ptV9yNn/O4yGTaWLj9KAsuUBAzQurSqEhnSelx6u/W66OnZbvuFcm', 'INSTAREEL RIVALS', '-'),
(13, 'Mr.R.C.Richard Britto', '-', '-', 'event coordinator', '$2y$10$kNIqOglbRtWJrj04OBZ/juGdzFXZgLymn6qoa7DVMpO6udqdr5mka', 'TALK ON THE SPOT', '-'),
(14, 'Mr.V.SivaGanesan', '-', '-', 'event coordinator', '$2y$10$kNIqOglbRtWJrj04OBZ/juGdzFXZgLymn6qoa7DVMpO6udqdr5mka', 'TALK ON THE SPOT', '-'),
(15, 'Dr.C.Sivakanthan', '-', '-', 'event coordinator', '$2y$10$yFotqmeKA6HXknXwOUysiep6vViIAQAnyYdI1NjaycQoy7O9wdXEm', 'BLOSSOM AND CRAFTS', '-'),
(16, 'Mr.C.Surulimani', '-', '-', 'event coordinator', '$2y$10$yFotqmeKA6HXknXwOUysiep6vViIAQAnyYdI1NjaycQoy7O9wdXEm', 'BLOSSOM AND CRAFTS', '-'),
(17, 'Mr.M.Idhayachandran', '-', '-', 'event coordinator', '$2y$10$VyJPB2W8iLtHJ3h0Vu.Gl.9dNyAVG/SZcrLHL1qTfD/JYQ92.OGFa', 'CUISINE MASTER', '-'),
(18, 'Mr.R.Rajakarthick', '-', '-', 'event coordinator', '$2y$10$VyJPB2W8iLtHJ3h0Vu.Gl.9dNyAVG/SZcrLHL1qTfD/JYQ92.OGFa', 'CUISINE MASTER', '-'),
(19, 'Mr.K.Kirubakaran', '-', '-', 'event coordinator', '$2y$10$ObGZXt2JN3ImuoEULgw/yeL9.xDQbPVCGclcOwnJVt.UyDBys6qvW', 'TECH QUEST CHALLENGE', '-'),
(20, 'Mr.A.VennimalaiRajan', '-', '-', 'event coordinator', '$2y$10$ObGZXt2JN3ImuoEULgw/yeL9.xDQbPVCGclcOwnJVt.UyDBys6qvW', 'TECH QUEST CHALLENGE', '-'),
(21, 'Mrs.R.Archana', '-', '-', 'event coordinator', '$2y$10$JnkoGm5P0TXxYKioclb1C..92/llgBAoCwgXtKWFxYPn0Y2wn61hy', 'HANDY HENNA', '-'),
(22, 'Ms.R.Vinitha', '-', '-', 'event coordinator', '$2y$10$JnkoGm5P0TXxYKioclb1C..92/llgBAoCwgXtKWFxYPn0Y2wn61hy', 'HANDY HENNA', '-'),
(23, 'Mrs.P.Nalini', '-', '-', 'event coordinator', '$2y$10$wqHy/.e1lo0u8BVGgqpph.lNpFH//Lt8COHkV0r2eGv1qF.HU64Gq', 'HAIRY DORA', '-'),
(24, 'Mrs.A.RajaPriyadharshini', '-', '-', 'event coordinator', '$2y$10$wqHy/.e1lo0u8BVGgqpph.lNpFH//Lt8COHkV0r2eGv1qF.HU64Gq', 'HAIRY DORA', '-'),
(25, 'Mrs.M.Fathima Beevi', '-', '-', 'event coordinator', '$2y$10$iWliiVLgJU44SJH4LSMzcONcjlck.VqnuFTTLUlkZRXsA8ThaWn4G', 'ONSTAGE ODYSSEY', '-'),
(26, 'Mrs.J.Preetha', '-', '-', 'event coordinator', '$2y$10$iWliiVLgJU44SJH4LSMzcONcjlck.VqnuFTTLUlkZRXsA8ThaWn4G', 'ONSTAGE ODYSSEY', '-'),
(27, 'Mr.K.Sundararajan', '-', '-', 'event coordinator', '$2y$10$DfR.LCVhy1d9UpbRvLgWIexvCuKDDi2dLXarFhEv/fSdGGIOwrVLW', 'WARRIORS SHOWCASE', '-'),
(28, 'Mr.P.SelvaKumar', '-', '-', 'event coordinator', '$2y$10$DfR.LCVhy1d9UpbRvLgWIexvCuKDDi2dLXarFhEv/fSdGGIOwrVLW', 'WARRIORS SHOWCASE', '-'),
(29, 'Dr.R.Athilingam', '-', '-', 'event coordinator', '$2y$10$/O30KrOHB05wvXHBVVEFNeWgjAlTIZa/ueW0Tek1Cp.8VvLT7j5zi', 'PICASSO ON FACE', '-'),
(30, 'Mrs.M.Kanimozhi', '-', '-', 'event coordinator', '$2y$10$/O30KrOHB05wvXHBVVEFNeWgjAlTIZa/ueW0Tek1Cp.8VvLT7j5zi', 'PICASSO ON FACE', '-'),
(31, 'Mr.R.Shanmugapriyan', '-', '-', 'event coordinator', '$2y$10$c.QKEzfCjXwKD9L7vPdWC.J8m6EKG0TEsB6fE92TYAzr4KYVeAS9a', 'GAMERS GAUNTLET', '-'),
(32, 'Mr.R.Radhakrishnan', '-', '-', 'event coordinator', '$2y$10$c.QKEzfCjXwKD9L7vPdWC.J8m6EKG0TEsB6fE92TYAzr4KYVeAS9a', 'GAMERS GAUNTLET', '-'),
(33, 'Mr.V.Rajaprasanna', '-', '-', 'event coordinator', '$2y$10$dcZOKuLNicrT7/BdtZubauBDKu3PJugBEloIFXpKCstP27hVsyfLG', 'CARVO', '-'),
(34, 'Mrs.J.Priya', '-', '-', 'event coordinator', '$2y$10$dcZOKuLNicrT7/BdtZubauBDKu3PJugBEloIFXpKCstP27hVsyfLG', 'CARVO', '-'),
(35, 'Dr.N.DavidMathan', '-', '-', 'event coordinator', '$2y$10$ZaYauzzctMNbYRIlqJNXR.DGY/tSb0oG0KcjQxIGAwMIzUi/RGq0m', 'SNAPOGRAPHY', '-'),
(36, 'Ms.M.Sangavi', '-', '-', 'event coordinator', '$2y$10$ZaYauzzctMNbYRIlqJNXR.DGY/tSb0oG0KcjQxIGAwMIzUi/RGq0m', 'SNAPOGRAPHY', '-'),
(38, 'Ms.M.Divyabharathi', '-', '-', 'event coordinator', '$2y$10$x4mCMIJu8LOQyK9PqOho8.keuDgqZMRC9NGV6QogonJ7jwj7uAlDm', 'ANY BODY CAN DANCE', '-'),
(40, 'Ms.M.Divyabharathi', '-', '-', 'event coordinator', '$2y$10$QRwCxXeqXL8teaMGAGn.XeHBb6c7e6LLc1snGxIqHY5i5xcYJQlMW', 'ANY BODY CAN DANCE', '-'),
(41, 'Ms.I.LimshaDeborah', '-', '-', 'event coordinator', '$2y$10$I0FGfHmC.ZnR2ntMrHb3Cew/G98zhckNyTHXdXtmsOC4GThvYdBzC', 'MIME ODYSSEY', '-'),
(42, 'Mrs.M.Sindhu', '-', '-', 'event coordinator', '$2y$10$I0FGfHmC.ZnR2ntMrHb3Cew/G98zhckNyTHXdXtmsOC4GThvYdBzC', 'MIME ODYSSEY', '-'),
(43, 'Dr.T.VenishKumar', '-', '-', 'event coordinator', '$2y$10$bMy0x.UWl03h/0pOKjjAEOeAVljxTxcwjsJ4MBNE38xCU/XOEOIEa', 'MUSICAL RHAPSODY', '-'),
(44, 'Mr.V.Sivaganesan', '-', '-', 'event coordinator', '$2y$10$bMy0x.UWl03h/0pOKjjAEOeAVljxTxcwjsJ4MBNE38xCU/XOEOIEa', 'MUSICAL RHAPSODY', '-'),
(45, 'Mr.R.Radhakrishnan', '-', '-', 'event coordinator', '$2y$10$Vl5Z4a19kxcWLJxDEPbDYOdA.bE/q2cxJXby8KdQ/JlxvTaMseLaK', 'CHOREO BOOM', '-'),
(46, 'Mr.J.ChakravarthySamyDurai', '-', '-', 'event coordinator', '$2y$10$Vl5Z4a19kxcWLJxDEPbDYOdA.bE/q2cxJXby8KdQ/JlxvTaMseLaK', 'CHOREO BOOM', '-'),
(47, 'Mr.R.UdhayaKumar', '-', '-', 'event coordinator', '$2y$10$tuWKgMjC8CUA2/ngixzoq.Q.AefqL90T2dq1ThIhoAmqP27J6Aj1a', 'NSCET TRENDSETTERS', '-'),
(48, 'Mrs.S.Gayathri', '-', '-', 'event coordinator', '$2y$10$tuWKgMjC8CUA2/ngixzoq.Q.AefqL90T2dq1ThIhoAmqP27J6Aj1a', 'NSCET TRENDSETTERS', '-'),
(49, 'Mr.S.MANIMARAN', '-', '-', 'event coordinator', '$2y$10$hZ5lhKR/ekuuLkl4uIGrqO0UiReGXy.VTpDxR2dAmI68I0Cy75BD6', 'CINE SNAP', '-'),
(50, 'Mr.T.VENISH KUMAR', '-', '-', 'event coordinator', '$2y$10$hZ5lhKR/ekuuLkl4uIGrqO0UiReGXy.VTpDxR2dAmI68I0Cy75BD6', 'CINE SNAP', '-'),
(51, 'Ms.C.Nandhini', 'ECE', '-', 'team incharge', '$2y$10$feuhSORK4qo5HHnEsey11OLyFKzSnyTi33vsgM8hy97oi76MzjQPy', '-', 'ROSY RIDERS'),
(52, 'Mrs.A.Deepika', 'CSE', '-', 'team incharge', '$2y$10$feuhSORK4qo5HHnEsey11OLyFKzSnyTi33vsgM8hy97oi76MzjQPy', '-', 'ROSY RIDERS'),
(53, 'Jenifer Fathima H', 'ECE', '-', 'team captain', '$2y$10$feuhSORK4qo5HHnEsey11OLyFKzSnyTi33vsgM8hy97oi76MzjQPy', '-', 'ROSY RIDERS'),
(54, 'Uvasri K', 'CSE', '-', 'team captain', '$2y$10$feuhSORK4qo5HHnEsey11OLyFKzSnyTi33vsgM8hy97oi76MzjQPy', '-', 'ROSY RIDERS'),
(55, 'Mrs.B.Sowmya', 'MECH', '-', 'team incharge', '$2y$10$pXd6MnOS0PQqe4ARRFn/EugOx4.1wDiLYUN4xzV0uo99/kQl.2Iui', '-', 'BLUE BLASTERS'),
(56, 'Mrs.A.Sangeetha', 'CSE', '-', 'team incharge', '$2y$10$pXd6MnOS0PQqe4ARRFn/EugOx4.1wDiLYUN4xzV0uo99/kQl.2Iui', '-', 'BLUE BLASTERS'),
(57, 'VINI SUBICKSHA', 'CSE', '-', 'team captain', '$2y$10$RzXPtODRTwv8Rz3oyTECeuttOCQGG0VF3Spqci8bDKShXa4maMwvC', '-', 'BLUE BLASTERS'),
(58, 'KABITHA C', 'CSE', '-', 'team captain', '$2y$10$RzXPtODRTwv8Rz3oyTECeuttOCQGG0VF3Spqci8bDKShXa4maMwvC', '-', 'BLUE BLASTERS'),
(59, 'Mrs.S.Aruljothi', 'CSE', '-', 'team incharge', '$2y$10$OP4ZTs4lboHl/4k5IF3TT.DrNFVJf/IUfsAxFuZpgpAIXnnxOZMp6', '-', 'GALACTIC STARS'),
(60, 'Mrs.R.Chitra', 'ECE', '-', 'team incharge', '$2y$10$OP4ZTs4lboHl/4k5IF3TT.DrNFVJf/IUfsAxFuZpgpAIXnnxOZMp6', '-', 'GALACTIC STARS'),
(61, 'Priyanka.K', 'CSE', '-', 'team captain', '$2y$10$RzXPtODRTwv8Rz3oyTECeuttOCQGG0VF3Spqci8bDKShXa4maMwvC', '-', 'GALACTIC STARS'),
(62, 'Vinisha.L.S.', 'CSE', '-', 'team captain', '$2y$10$RzXPtODRTwv8Rz3oyTECeuttOCQGG0VF3Spqci8bDKShXa4maMwvC', '-', 'GALACTIC STARS'),
(63, 'Mrs.T.Tamilselvi', 'ECE', '-', 'team incharge', '$2y$10$Xen3X2ojyxl6c78yCDgPkeVlsX9sNcuO9xZXzJZ8qR/wGpumDaHVi', '-', 'VIOLET VIPERS'),
(64, 'Ms.A.Nishetha Jeflin Nixon', 'EEE', '-', 'team incharge', '$2y$10$Xen3X2ojyxl6c78yCDgPkeVlsX9sNcuO9xZXzJZ8qR/wGpumDaHVi', '-', 'VIOLET VIPERS'),
(65, 'Aneesfathima A', 'ECE', '-', 'team captain', '$2y$10$Xen3X2ojyxl6c78yCDgPkeVlsX9sNcuO9xZXzJZ8qR/wGpumDaHVi', '-', 'VIOLET VIPERS'),
(66, 'Tharika P', 'ECE', '-', 'team captain', '$2y$10$Xen3X2ojyxl6c78yCDgPkeVlsX9sNcuO9xZXzJZ8qR/wGpumDaHVi', '-', 'VIOLET VIPERS'),
(67, 'Mr.S.Pratap', 'ECE', '-', 'team incharge', '$2y$10$yRvT19wg/TKB4aYGDfowGuiqY.u1DRXTDY66V6KGqgUZ37f3nNAYG', '-', 'TIGER THRASHERS'),
(68, 'Mr. S. Arunjunai Karthick', 'CSE', '-', 'team incharge', '$2y$10$yRvT19wg/TKB4aYGDfowGuiqY.u1DRXTDY66V6KGqgUZ37f3nNAYG', '-', 'TIGER THRASHERS'),
(69, 'SACHIN S', 'CSE', '-', 'team captain', '$2y$10$yRvT19wg/TKB4aYGDfowGuiqY.u1DRXTDY66V6KGqgUZ37f3nNAYG', '-', 'TIGER THRASHERS'),
(70, 'SURESHBABU K', 'CSE', '-', 'team captain', '$2y$10$yRvT19wg/TKB4aYGDfowGuiqY.u1DRXTDY66V6KGqgUZ37f3nNAYG', '-', 'TIGER THRASHERS'),
(71, 'Mr.V.ThirumalaiRaj', 'MECH', '-', 'team incharge', '$2y$10$c38Rwwl.N5BGV2jOBKUqqOCpfpI8eMGU4PDlkSHO2Tq5Y2PWh46rS', '-', 'PHOENIX BLASTERS'),
(72, 'Mr.P.ArulJebaRaj', 'CIVIL', '-', 'team incharge', '$2y$10$c38Rwwl.N5BGV2jOBKUqqOCpfpI8eMGU4PDlkSHO2Tq5Y2PWh46rS', '-', 'PHOENIX BLASTERS'),
(73, 'S.DHANUSKAR', 'CSE', '-', 'team captain', '$2y$10$G1AdkT6TLyRZMJjc0WkCdeBkMW6fr2m86w8VRJMKf.rPu6Y746KlS', '-', 'PHOENIX BLASTERS'),
(74, 'J.VIJAY', 'CSE', '-', 'team captain', '$2y$10$G1AdkT6TLyRZMJjc0WkCdeBkMW6fr2m86w8VRJMKf.rPu6Y746KlS', '-', 'PHOENIX BLASTERS'),
(75, 'Mr.R.NagaRaja', 'MECH', '-', 'team incharge', '$2y$10$.ne1JutA7cKExbsHdkiDKe9HdD6iNG2CmoSVI8Dec9MIUPDyQs4xW', '-', 'DRAGON WARRIORS'),
(76, 'Mr.J.Ayyanaprabu', 'CSE', '-', 'team incharge', '$2y$10$.ne1JutA7cKExbsHdkiDKe9HdD6iNG2CmoSVI8Dec9MIUPDyQs4xW', '-', 'DRAGON WARRIORS'),
(77, 'M.VIGNESHWARAN', 'CSE', '-', 'team captain', '$2y$10$.ne1JutA7cKExbsHdkiDKe9HdD6iNG2CmoSVI8Dec9MIUPDyQs4xW', '-', 'DRAGON WARRIORS'),
(78, 'M.SRI RAM', 'CSE', '-', 'team captain', '$2y$10$.ne1JutA7cKExbsHdkiDKe9HdD6iNG2CmoSVI8Dec9MIUPDyQs4xW', '-', 'DRAGON WARRIORS'),
(79, 'Mr.K.Velkumar', 'IT', '-', 'team incharge', '$2y$10$eN7EwVzzELPEq6hqnUwMku3cRcPi.Szry91/DbUB3sPydBtuMEEse', '-', 'DINO THUNDERS'),
(80, 'Mr.S.Harikishore', 'MECH', '-', 'team incharge', '$2y$10$eN7EwVzzELPEq6hqnUwMku3cRcPi.Szry91/DbUB3sPydBtuMEEse', '-', 'DINO THUNDERS'),
(81, 'P.S.Arun', 'ECE', '-', 'team captain', '$2y$10$RzXPtODRTwv8Rz3oyTECeuttOCQGG0VF3Spqci8bDKShXa4maMwvC', '-', 'DINO THUNDERS'),
(82, 'K.Natarajan', 'MECH', '-', 'team captain', '$2y$10$RzXPtODRTwv8Rz3oyTECeuttOCQGG0VF3Spqci8bDKShXa4maMwvC', '-', 'DINO THUNDERS'),
(83, 'test1', 'CSE', '-', 'event coordinator', '$2y$10$U3G9Puiw5sK/YriP/fi1huCc6Tt1WJBxMLhd689eVhdPIj40Dpjm6', 'BLOSSOM & CRAFTS', '-'),
(84, 'test2', 'CSE', '-', 'event coordinator', '$2y$10$U3G9Puiw5sK/YriP/fi1huCc6Tt1WJBxMLhd689eVhdPIj40Dpjm6', 'BLOSSOM & CRAFTS', '-'),
(87, 'GOBIKA M', '', '', 'team captain', '', '-', 'BLUE BLASTERS'),
(88, 'Kaviyapriya A', '', '', 'team captain', '$2y$10$G1AdkT6TLyRZMJjc0WkCdeBkMW6fr2m86w8VRJMKf.rPu6Y746KlS', '-', 'VIOLET VIPERS'),
(89, 'Saai Keerthi S', '', '', 'team captain', '', '-', 'ROSY RIDERS'),
(90, 'S.YOGESH PANDI', '', '', 'team captain', '$2y$10$G1AdkT6TLyRZMJjc0WkCdeBkMW6fr2m86w8VRJMKf.rPu6Y746KlS', '-', 'PHOENIX BLASTERS'),
(91, 'Dheivashree.M', '', '', 'team captain', '', '-', 'GALACTIC STARS'),
(92, 'C.Muthubalaji', '', '', 'team captain', '', '-', 'DINO THUNDERS'),
(93, 'P.NITHEESH PATRICK', '', '', 'team captain', '', '-', 'DRAGON WARRIORS'),
(94, 'VISAGAN R', '', '', 'team captain', '', '-', 'TIGER THRASHERS');

-- --------------------------------------------------------

--
-- Table structure for table `allotmentdb`
--

CREATE TABLE `allotmentdb` (
  `house` varchar(255) COLLATE utf8mb4_general_ci NOT NULL,
  `event` varchar(255) COLLATE utf8mb4_general_ci NOT NULL,
  `isGroup` int NOT NULL DEFAULT '0',
  `group_count` int NOT NULL,
  `grouped` int NOT NULL,
  `slot` int NOT NULL,
  `id` int NOT NULL,
  `gender` varchar(255) COLLATE utf8mb4_general_ci NOT NULL
) ENGINE=InnoDB DEFAULT CHARSET=utf8mb4 COLLATE=utf8mb4_general_ci;

--
-- Dumping data for table `allotmentdb`
--

INSERT INTO `allotmentdb` (`house`, `event`, `isGroup`, `group_count`, `grouped`, `slot`, `id`, `gender`) VALUES
('DINO THUNDERS', 'CARBON ART', 1, 2, 1, 1, 21, 'BOYS'),
('DRAGON WARRIORS', 'CARBON ART', 1, 2, 1, 8, 22, 'BOYS'),
('PHOENIX BLASTERS', 'CARBON ART', 1, 2, 1, 3, 23, 'BOYS'),
('TIGER THRASHERS', 'CARBON ART', 1, 2, 1, 4, 24, 'BOYS'),
('DINO THUNDERS', 'CARBON ART', 1, 2, 2, 2, 25, 'BOYS'),
('DRAGON WARRIORS', 'CARBON ART', 1, 2, 2, 7, 26, 'BOYS'),
('PHOENIX BLASTERS', 'CARBON ART', 1, 2, 2, 6, 27, 'BOYS'),
('TIGER THRASHERS', 'CARBON ART', 1, 2, 2, 5, 28, 'BOYS'),
('BLUE BLASTERS', 'CARBON ART', 1, 2, 1, 8, 29, 'GIRLS'),
('GALACTIC STARS', 'CARBON ART', 1, 2, 1, 1, 30, 'GIRLS'),
('ROSY RIDERS', 'CARBON ART', 1, 2, 1, 3, 31, 'GIRLS'),
('VIOLET VIPERS', 'CARBON ART', 1, 2, 1, 5, 32, 'GIRLS'),
('BLUE BLASTERS', 'CARBON ART', 1, 2, 2, 4, 33, 'GIRLS'),
('GALACTIC STARS', 'CARBON ART', 1, 2, 2, 6, 34, 'GIRLS'),
('ROSY RIDERS', 'CARBON ART', 1, 2, 2, 2, 35, 'GIRLS'),
('VIOLET VIPERS', 'CARBON ART', 1, 2, 2, 7, 36, 'GIRLS'),
('DINO THUNDERS', 'PICASSO ON GLASS', 1, 2, 1, 6, 41, 'BOYS'),
('DRAGON WARRIORS', 'PICASSO ON GLASS', 1, 2, 1, 1, 42, 'BOYS'),
('PHOENIX BLASTERS', 'PICASSO ON GLASS', 1, 2, 1, 3, 43, 'BOYS'),
('TIGER THRASHERS', 'PICASSO ON GLASS', 1, 2, 1, 5, 44, 'BOYS'),
('DINO THUNDERS', 'PICASSO ON GLASS', 1, 2, 2, 2, 45, 'BOYS'),
('DRAGON WARRIORS', 'PICASSO ON GLASS', 1, 2, 2, 7, 46, 'BOYS'),
('PHOENIX BLASTERS', 'PICASSO ON GLASS', 1, 2, 2, 8, 47, 'BOYS'),
('TIGER THRASHERS', 'PICASSO ON GLASS', 1, 2, 2, 4, 48, 'BOYS'),
('BLUE BLASTERS', 'PICASSO ON GLASS', 1, 2, 1, 2, 49, 'GIRLS'),
('GALACTIC STARS', 'PICASSO ON GLASS', 1, 2, 1, 1, 50, 'GIRLS'),
('ROSY RIDERS', 'PICASSO ON GLASS', 1, 2, 1, 4, 51, 'GIRLS'),
('VIOLET VIPERS', 'PICASSO ON GLASS', 1, 2, 1, 8, 52, 'GIRLS'),
('BLUE BLASTERS', 'PICASSO ON GLASS', 1, 2, 2, 6, 53, 'GIRLS'),
('GALACTIC STARS', 'PICASSO ON GLASS', 1, 2, 2, 7, 54, 'GIRLS'),
('ROSY RIDERS', 'PICASSO ON GLASS', 1, 2, 2, 5, 55, 'GIRLS'),
('VIOLET VIPERS', 'PICASSO ON GLASS', 1, 2, 2, 3, 56, 'GIRLS'),
('DINO THUNDERS', 'INSTAREEL RIVALS', 0, 0, 0, 1, 57, 'BOYS'),
('DRAGON WARRIORS', 'INSTAREEL RIVALS', 0, 0, 0, 3, 58, 'BOYS'),
('PHOENIX BLASTERS', 'INSTAREEL RIVALS', 0, 0, 0, 4, 59, 'BOYS'),
('TIGER THRASHERS', 'INSTAREEL RIVALS', 0, 0, 0, 2, 60, 'BOYS'),
('BLUE BLASTERS', 'INSTAREEL RIVALS', 0, 0, 0, 2, 61, 'GIRLS'),
('GALACTIC STARS', 'INSTAREEL RIVALS', 0, 0, 0, 1, 62, 'GIRLS'),
('ROSY RIDERS', 'INSTAREEL RIVALS', 0, 0, 0, 3, 63, 'GIRLS'),
('VIOLET VIPERS', 'INSTAREEL RIVALS', 0, 0, 0, 4, 64, 'GIRLS'),
('DINO THUNDERS', 'CINE SNAP', 0, 0, 0, 3, 65, 'BOYS'),
('DRAGON WARRIORS', 'CINE SNAP', 0, 0, 0, 4, 66, 'BOYS'),
('PHOENIX BLASTERS', 'CINE SNAP', 0, 0, 0, 2, 67, 'BOYS'),
('TIGER THRASHERS', 'CINE SNAP', 0, 0, 0, 1, 68, 'BOYS'),
('BLUE BLASTERS', 'CINE SNAP', 0, 0, 0, 3, 69, 'GIRLS'),
('GALACTIC STARS', 'CINE SNAP', 0, 0, 0, 2, 70, 'GIRLS'),
('ROSY RIDERS', 'CINE SNAP', 0, 0, 0, 1, 71, 'GIRLS'),
('VIOLET VIPERS', 'CINE SNAP', 0, 0, 0, 4, 72, 'GIRLS'),
('DINO THUNDERS', 'ARTY CRAFTY', 1, 2, 1, 8, 73, 'BOYS'),
('DRAGON WARRIORS', 'ARTY CRAFTY', 1, 2, 1, 6, 74, 'BOYS'),
('PHOENIX BLASTERS', 'ARTY CRAFTY', 1, 2, 1, 5, 75, 'BOYS'),
('TIGER THRASHERS', 'ARTY CRAFTY', 1, 2, 1, 1, 76, 'BOYS'),
('DINO THUNDERS', 'ARTY CRAFTY', 1, 2, 2, 3, 77, 'BOYS'),
('DRAGON WARRIORS', 'ARTY CRAFTY', 1, 2, 2, 2, 78, 'BOYS'),
('PHOENIX BLASTERS', 'ARTY CRAFTY', 1, 2, 2, 4, 79, 'BOYS'),
('TIGER THRASHERS', 'ARTY CRAFTY', 1, 2, 2, 7, 80, 'BOYS'),
('BLUE BLASTERS', 'ARTY CRAFTY', 1, 2, 1, 2, 81, 'GIRLS'),
('GALACTIC STARS', 'ARTY CRAFTY', 1, 2, 1, 8, 82, 'GIRLS'),
('ROSY RIDERS', 'ARTY CRAFTY', 1, 2, 1, 4, 83, 'GIRLS'),
('VIOLET VIPERS', 'ARTY CRAFTY', 1, 2, 1, 6, 84, 'GIRLS'),
('BLUE BLASTERS', 'ARTY CRAFTY', 1, 2, 2, 7, 85, 'GIRLS'),
('GALACTIC STARS', 'ARTY CRAFTY', 1, 2, 2, 3, 86, 'GIRLS'),
('ROSY RIDERS', 'ARTY CRAFTY', 1, 2, 2, 1, 87, 'GIRLS'),
('VIOLET VIPERS', 'ARTY CRAFTY', 1, 2, 2, 5, 88, 'GIRLS'),
('DINO THUNDERS', 'TALK ON THE SPOT', 1, 2, 1, 4, 89, 'BOYS'),
('DRAGON WARRIORS', 'TALK ON THE SPOT', 1, 2, 1, 5, 90, 'BOYS'),
('PHOENIX BLASTERS', 'TALK ON THE SPOT', 1, 2, 1, 8, 91, 'BOYS'),
('TIGER THRASHERS', 'TALK ON THE SPOT', 1, 2, 1, 7, 92, 'BOYS'),
('DINO THUNDERS', 'TALK ON THE SPOT', 1, 2, 2, 3, 93, 'BOYS'),
('DRAGON WARRIORS', 'TALK ON THE SPOT', 1, 2, 2, 1, 94, 'BOYS'),
('PHOENIX BLASTERS', 'TALK ON THE SPOT', 1, 2, 2, 2, 95, 'BOYS'),
('TIGER THRASHERS', 'TALK ON THE SPOT', 1, 2, 2, 6, 96, 'BOYS'),
('BLUE BLASTERS', 'TALK ON THE SPOT', 1, 2, 1, 3, 97, 'GIRLS'),
('GALACTIC STARS', 'TALK ON THE SPOT', 1, 2, 1, 6, 98, 'GIRLS'),
('ROSY RIDERS', 'TALK ON THE SPOT', 1, 2, 1, 1, 99, 'GIRLS'),
('VIOLET VIPERS', 'TALK ON THE SPOT', 1, 2, 1, 4, 100, 'GIRLS'),
('BLUE BLASTERS', 'TALK ON THE SPOT', 1, 2, 2, 2, 101, 'GIRLS'),
('GALACTIC STARS', 'TALK ON THE SPOT', 1, 2, 2, 5, 102, 'GIRLS'),
('ROSY RIDERS', 'TALK ON THE SPOT', 1, 2, 2, 7, 103, 'GIRLS'),
('VIOLET VIPERS', 'TALK ON THE SPOT', 1, 2, 2, 8, 104, 'GIRLS'),
('DINO THUNDERS', 'BLOSSOM AND CRAFTS', 1, 2, 1, 1, 105, 'BOYS'),
('DRAGON WARRIORS', 'BLOSSOM AND CRAFTS', 1, 2, 1, 2, 106, 'BOYS'),
('PHOENIX BLASTERS', 'BLOSSOM AND CRAFTS', 1, 2, 1, 3, 107, 'BOYS'),
('TIGER THRASHERS', 'BLOSSOM AND CRAFTS', 1, 2, 1, 5, 108, 'BOYS'),
('DINO THUNDERS', 'BLOSSOM AND CRAFTS', 1, 2, 2, 6, 109, 'BOYS'),
('DRAGON WARRIORS', 'BLOSSOM AND CRAFTS', 1, 2, 2, 8, 110, 'BOYS'),
('PHOENIX BLASTERS', 'BLOSSOM AND CRAFTS', 1, 2, 2, 4, 111, 'BOYS'),
('TIGER THRASHERS', 'BLOSSOM AND CRAFTS', 1, 2, 2, 7, 112, 'BOYS'),
('BLUE BLASTERS', 'BLOSSOM AND CRAFTS', 1, 2, 1, 5, 113, 'GIRLS'),
('GALACTIC STARS', 'BLOSSOM AND CRAFTS', 1, 2, 1, 3, 114, 'GIRLS'),
('ROSY RIDERS', 'BLOSSOM AND CRAFTS', 1, 2, 1, 6, 115, 'GIRLS'),
('VIOLET VIPERS', 'BLOSSOM AND CRAFTS', 1, 2, 1, 2, 116, 'GIRLS'),
('BLUE BLASTERS', 'BLOSSOM AND CRAFTS', 1, 2, 2, 8, 117, 'GIRLS'),
('GALACTIC STARS', 'BLOSSOM AND CRAFTS', 1, 2, 2, 4, 118, 'GIRLS'),
('ROSY RIDERS', 'BLOSSOM AND CRAFTS', 1, 2, 2, 1, 119, 'GIRLS'),
('VIOLET VIPERS', 'BLOSSOM AND CRAFTS', 1, 2, 2, 7, 120, 'GIRLS'),
('DINO THUNDERS', 'CUISINE MASTER', 1, 2, 1, 2, 121, 'BOYS'),
('DRAGON WARRIORS', 'CUISINE MASTER', 1, 2, 1, 1, 122, 'BOYS'),
('PHOENIX BLASTERS', 'CUISINE MASTER', 1, 2, 1, 3, 123, 'BOYS'),
('TIGER THRASHERS', 'CUISINE MASTER', 1, 2, 1, 6, 124, 'BOYS'),
('DINO THUNDERS', 'CUISINE MASTER', 1, 2, 2, 4, 125, 'BOYS'),
('DRAGON WARRIORS', 'CUISINE MASTER', 1, 2, 2, 7, 126, 'BOYS'),
('PHOENIX BLASTERS', 'CUISINE MASTER', 1, 2, 2, 8, 127, 'BOYS'),
('TIGER THRASHERS', 'CUISINE MASTER', 1, 2, 2, 5, 128, 'BOYS'),
('BLUE BLASTERS', 'CUISINE MASTER', 1, 2, 1, 2, 129, 'GIRLS'),
('GALACTIC STARS', 'CUISINE MASTER', 1, 2, 1, 5, 130, 'GIRLS'),
('ROSY RIDERS', 'CUISINE MASTER', 1, 2, 1, 6, 131, 'GIRLS'),
('VIOLET VIPERS', 'CUISINE MASTER', 1, 2, 1, 3, 132, 'GIRLS'),
('BLUE BLASTERS', 'CUISINE MASTER', 1, 2, 2, 1, 133, 'GIRLS'),
('GALACTIC STARS', 'CUISINE MASTER', 1, 2, 2, 7, 134, 'GIRLS'),
('ROSY RIDERS', 'CUISINE MASTER', 1, 2, 2, 4, 135, 'GIRLS'),
('VIOLET VIPERS', 'CUISINE MASTER', 1, 2, 2, 8, 136, 'GIRLS'),
('DINO THUNDERS', 'TECH QUEST CHALLENGE', 0, 0, 0, 2, 137, 'BOYS'),
('DRAGON WARRIORS', 'TECH QUEST CHALLENGE', 0, 0, 0, 4, 138, 'BOYS'),
('PHOENIX BLASTERS', 'TECH QUEST CHALLENGE', 0, 0, 0, 3, 139, 'BOYS'),
('TIGER THRASHERS', 'TECH QUEST CHALLENGE', 0, 0, 0, 1, 140, 'BOYS'),
('BLUE BLASTERS', 'TECH QUEST CHALLENGE', 0, 0, 0, 2, 141, 'GIRLS'),
('GALACTIC STARS', 'TECH QUEST CHALLENGE', 0, 0, 0, 1, 142, 'GIRLS'),
('ROSY RIDERS', 'TECH QUEST CHALLENGE', 0, 0, 0, 4, 143, 'GIRLS'),
('VIOLET VIPERS', 'TECH QUEST CHALLENGE', 0, 0, 0, 3, 144, 'GIRLS'),
('BLUE BLASTERS', 'HANDY HENNA', 1, 2, 1, 1, 145, 'GIRLS'),
('GALACTIC STARS', 'HANDY HENNA', 1, 2, 1, 2, 146, 'GIRLS'),
('ROSY RIDERS', 'HANDY HENNA', 1, 2, 1, 8, 147, 'GIRLS'),
('VIOLET VIPERS', 'HANDY HENNA', 1, 2, 1, 3, 148, 'GIRLS'),
('BLUE BLASTERS', 'HANDY HENNA', 1, 2, 2, 4, 149, 'GIRLS'),
('GALACTIC STARS', 'HANDY HENNA', 1, 2, 2, 6, 150, 'GIRLS'),
('ROSY RIDERS', 'HANDY HENNA', 1, 2, 2, 7, 151, 'GIRLS'),
('VIOLET VIPERS', 'HANDY HENNA', 1, 2, 2, 5, 152, 'GIRLS'),
('BLUE BLASTERS', 'HAIRY DORA', 1, 2, 1, 6, 153, 'GIRLS'),
('GALACTIC STARS', 'HAIRY DORA', 1, 2, 1, 1, 154, 'GIRLS'),
('ROSY RIDERS', 'HAIRY DORA', 1, 2, 1, 8, 155, 'GIRLS'),
('VIOLET VIPERS', 'HAIRY DORA', 1, 2, 1, 4, 156, 'GIRLS'),
('BLUE BLASTERS', 'HAIRY DORA', 1, 2, 2, 2, 157, 'GIRLS'),
('GALACTIC STARS', 'HAIRY DORA', 1, 2, 2, 3, 158, 'GIRLS'),
('ROSY RIDERS', 'HAIRY DORA', 1, 2, 2, 7, 159, 'GIRLS'),
('VIOLET VIPERS', 'HAIRY DORA', 1, 2, 2, 5, 160, 'GIRLS'),
('BLUE BLASTERS', 'ONSTAGE ODYSSEY', 0, 0, 0, 1, 161, 'GIRLS'),
('GALACTIC STARS', 'ONSTAGE ODYSSEY', 0, 0, 0, 3, 162, 'GIRLS'),
('ROSY RIDERS', 'ONSTAGE ODYSSEY', 0, 0, 0, 2, 163, 'GIRLS'),
('VIOLET VIPERS', 'ONSTAGE ODYSSEY', 0, 0, 0, 4, 164, 'GIRLS'),
('DINO THUNDERS', 'PICASSO ON FACE', 1, 2, 1, 8, 165, 'BOYS'),
('DRAGON WARRIORS', 'PICASSO ON FACE', 1, 2, 1, 5, 166, 'BOYS'),
('PHOENIX BLASTERS', 'PICASSO ON FACE', 1, 2, 1, 4, 167, 'BOYS'),
('TIGER THRASHERS', 'PICASSO ON FACE', 1, 2, 1, 1, 168, 'BOYS'),
('DINO THUNDERS', 'PICASSO ON FACE', 1, 2, 2, 3, 169, 'BOYS'),
('DRAGON WARRIORS', 'PICASSO ON FACE', 1, 2, 2, 6, 170, 'BOYS'),
('PHOENIX BLASTERS', 'PICASSO ON FACE', 1, 2, 2, 2, 171, 'BOYS'),
('TIGER THRASHERS', 'PICASSO ON FACE', 1, 2, 2, 7, 172, 'BOYS'),
('DINO THUNDERS', 'GAMERS GAUNTLET', 0, 0, 0, 4, 173, 'BOYS'),
('DRAGON WARRIORS', 'GAMERS GAUNTLET', 0, 0, 0, 1, 174, 'BOYS'),
('PHOENIX BLASTERS', 'GAMERS GAUNTLET', 0, 0, 0, 3, 175, 'BOYS'),
('TIGER THRASHERS', 'GAMERS GAUNTLET', 0, 0, 0, 2, 176, 'BOYS'),
('DINO THUNDERS', 'CARVO', 1, 2, 1, 4, 177, 'BOYS'),
('DRAGON WARRIORS', 'CARVO', 1, 2, 1, 5, 178, 'BOYS'),
('PHOENIX BLASTERS', 'CARVO', 1, 2, 1, 8, 179, 'BOYS'),
('TIGER THRASHERS', 'CARVO', 1, 2, 1, 1, 180, 'BOYS'),
('DINO THUNDERS', 'CARVO', 1, 2, 2, 2, 181, 'BOYS'),
('DRAGON WARRIORS', 'CARVO', 1, 2, 2, 7, 182, 'BOYS'),
('PHOENIX BLASTERS', 'CARVO', 1, 2, 2, 3, 183, 'BOYS'),
('TIGER THRASHERS', 'CARVO', 1, 2, 2, 6, 184, 'BOYS'),
('BLUE BLASTERS', 'CARVO', 1, 2, 1, 8, 185, 'GIRLS'),
('GALACTIC STARS', 'CARVO', 1, 2, 1, 7, 186, 'GIRLS'),
('ROSY RIDERS', 'CARVO', 1, 2, 1, 2, 187, 'GIRLS'),
('VIOLET VIPERS', 'CARVO', 1, 2, 1, 6, 188, 'GIRLS'),
('BLUE BLASTERS', 'CARVO', 1, 2, 2, 1, 189, 'GIRLS'),
('GALACTIC STARS', 'CARVO', 1, 2, 2, 5, 190, 'GIRLS'),
('ROSY RIDERS', 'CARVO', 1, 2, 2, 3, 191, 'GIRLS'),
('VIOLET VIPERS', 'CARVO', 1, 2, 2, 4, 192, 'GIRLS'),
('DINO THUNDERS', 'SNAPOGRAPHY', 1, 2, 1, 5, 193, 'BOYS'),
('DRAGON WARRIORS', 'SNAPOGRAPHY', 1, 2, 1, 1, 194, 'BOYS'),
('PHOENIX BLASTERS', 'SNAPOGRAPHY', 1, 2, 1, 8, 195, 'BOYS'),
('TIGER THRASHERS', 'SNAPOGRAPHY', 1, 2, 1, 3, 196, 'BOYS'),
('DINO THUNDERS', 'SNAPOGRAPHY', 1, 2, 2, 4, 197, 'BOYS'),
('DRAGON WARRIORS', 'SNAPOGRAPHY', 1, 2, 2, 7, 198, 'BOYS'),
('PHOENIX BLASTERS', 'SNAPOGRAPHY', 1, 2, 2, 6, 199, 'BOYS'),
('TIGER THRASHERS', 'SNAPOGRAPHY', 1, 2, 2, 2, 200, 'BOYS'),
('BLUE BLASTERS', 'SNAPOGRAPHY', 1, 2, 1, 2, 201, 'GIRLS'),
('GALACTIC STARS', 'SNAPOGRAPHY', 1, 2, 1, 8, 202, 'GIRLS'),
('ROSY RIDERS', 'SNAPOGRAPHY', 1, 2, 1, 6, 203, 'GIRLS'),
('VIOLET VIPERS', 'SNAPOGRAPHY', 1, 2, 1, 5, 204, 'GIRLS'),
('BLUE BLASTERS', 'SNAPOGRAPHY', 1, 2, 2, 4, 205, 'GIRLS'),
('GALACTIC STARS', 'SNAPOGRAPHY', 1, 2, 2, 7, 206, 'GIRLS'),
('ROSY RIDERS', 'SNAPOGRAPHY', 1, 2, 2, 1, 207, 'GIRLS'),
('VIOLET VIPERS', 'SNAPOGRAPHY', 1, 2, 2, 3, 208, 'GIRLS'),
('DINO THUNDERS', 'ANY BODY CAN DANCE', 0, 0, 0, 1, 209, 'BOYS'),
('DRAGON WARRIORS', 'ANY BODY CAN DANCE', 0, 0, 0, 3, 210, 'BOYS'),
('PHOENIX BLASTERS', 'ANY BODY CAN DANCE', 0, 0, 0, 4, 211, 'BOYS'),
('TIGER THRASHERS', 'ANY BODY CAN DANCE', 0, 0, 0, 2, 212, 'BOYS'),
('BLUE BLASTERS', 'ANY BODY CAN DANCE', 0, 0, 0, 1, 213, 'GIRLS'),
('GALACTIC STARS', 'ANY BODY CAN DANCE', 0, 0, 0, 3, 214, 'GIRLS'),
('ROSY RIDERS', 'ANY BODY CAN DANCE', 0, 0, 0, 2, 215, 'GIRLS'),
('VIOLET VIPERS', 'ANY BODY CAN DANCE', 0, 0, 0, 4, 216, 'GIRLS'),
('DINO THUNDERS', 'MIME ODYSSEY', 0, 0, 0, 1, 217, 'BOYS'),
('DRAGON WARRIORS', 'MIME ODYSSEY', 0, 0, 0, 3, 218, 'BOYS'),
('PHOENIX BLASTERS', 'MIME ODYSSEY', 0, 0, 0, 2, 219, 'BOYS'),
('TIGER THRASHERS', 'MIME ODYSSEY', 0, 0, 0, 4, 220, 'BOYS'),
('BLUE BLASTERS', 'MIME ODYSSEY', 0, 0, 0, 1, 221, 'GIRLS'),
('GALACTIC STARS', 'MIME ODYSSEY', 0, 0, 0, 4, 222, 'GIRLS'),
('ROSY RIDERS', 'MIME ODYSSEY', 0, 0, 0, 3, 223, 'GIRLS'),
('VIOLET VIPERS', 'MIME ODYSSEY', 0, 0, 0, 2, 224, 'GIRLS'),
('DINO THUNDERS', 'MUSICAL RHAPSODY', 0, 0, 0, 4, 225, 'BOYS'),
('DRAGON WARRIORS', 'MUSICAL RHAPSODY', 0, 0, 0, 2, 226, 'BOYS'),
('PHOENIX BLASTERS', 'MUSICAL RHAPSODY', 0, 0, 0, 1, 227, 'BOYS'),
('TIGER THRASHERS', 'MUSICAL RHAPSODY', 0, 0, 0, 3, 228, 'BOYS'),
('BLUE BLASTERS', 'MUSICAL RHAPSODY', 0, 0, 0, 1, 229, 'GIRLS'),
('GALACTIC STARS', 'MUSICAL RHAPSODY', 0, 0, 0, 4, 230, 'GIRLS'),
('ROSY RIDERS', 'MUSICAL RHAPSODY', 0, 0, 0, 2, 231, 'GIRLS'),
('VIOLET VIPERS', 'MUSICAL RHAPSODY', 0, 0, 0, 3, 232, 'GIRLS'),
('DINO THUNDERS', 'CHOREO BOOM', 0, 0, 0, 3, 233, 'BOYS'),
('DRAGON WARRIORS', 'CHOREO BOOM', 0, 0, 0, 4, 234, 'BOYS'),
('PHOENIX BLASTERS', 'CHOREO BOOM', 0, 0, 0, 1, 235, 'BOYS'),
('TIGER THRASHERS', 'CHOREO BOOM', 0, 0, 0, 2, 236, 'BOYS'),
('BLUE BLASTERS', 'CHOREO BOOM', 0, 0, 0, 4, 237, 'GIRLS'),
('GALACTIC STARS', 'CHOREO BOOM', 0, 0, 0, 3, 238, 'GIRLS'),
('ROSY RIDERS', 'CHOREO BOOM', 0, 0, 0, 1, 239, 'GIRLS'),
('VIOLET VIPERS', 'CHOREO BOOM', 0, 0, 0, 2, 240, 'GIRLS'),
('DINO THUNDERS', 'NSCET TRENDSETTERS', 0, 0, 0, 3, 241, 'BOYS'),
('DRAGON WARRIORS', 'NSCET TRENDSETTERS', 0, 0, 0, 4, 242, 'BOYS'),
('PHOENIX BLASTERS', 'NSCET TRENDSETTERS', 0, 0, 0, 1, 243, 'BOYS'),
('TIGER THRASHERS', 'NSCET TRENDSETTERS', 0, 0, 0, 2, 244, 'BOYS'),
('BLUE BLASTERS', 'NSCET TRENDSETTERS', 0, 0, 0, 4, 245, 'GIRLS'),
('GALACTIC STARS', 'NSCET TRENDSETTERS', 0, 0, 0, 2, 246, 'GIRLS'),
('ROSY RIDERS', 'NSCET TRENDSETTERS', 0, 0, 0, 1, 247, 'GIRLS'),
('VIOLET VIPERS', 'NSCET TRENDSETTERS', 0, 0, 0, 3, 248, 'GIRLS'),
('DINO THUNDERS', 'WARRIORS SHOWCASE', 0, 0, 0, 4, 249, 'BOYS'),
('DRAGON WARRIORS', 'WARRIORS SHOWCASE', 0, 0, 0, 2, 250, 'BOYS'),
('PHOENIX BLASTERS', 'WARRIORS SHOWCASE', 0, 0, 0, 3, 251, 'BOYS'),
('TIGER THRASHERS', 'WARRIORS SHOWCASE', 0, 0, 0, 1, 252, 'BOYS'),
('BLUE BLASTERS', 'CARBON ART', 1, 2, 1, 1, 253, 'GIRLS'),
('GALACTIC STARS', 'CARBON ART', 1, 2, 1, 8, 254, 'GIRLS'),
('ROSY RIDERS', 'CARBON ART', 1, 2, 1, 4, 255, 'GIRLS'),
('VIOLET VIPERS', 'CARBON ART', 1, 2, 1, 3, 256, 'GIRLS'),
('BLUE BLASTERS', 'CARBON ART', 1, 2, 2, 6, 257, 'GIRLS'),
('GALACTIC STARS', 'CARBON ART', 1, 2, 2, 2, 258, 'GIRLS'),
('ROSY RIDERS', 'CARBON ART', 1, 2, 2, 5, 259, 'GIRLS'),
('VIOLET VIPERS', 'CARBON ART', 1, 2, 2, 7, 260, 'GIRLS'),
('BLUE BLASTERS', 'CARBON ART', 1, 2, 1, 4, 261, 'GIRLS'),
('GALACTIC STARS', 'CARBON ART', 1, 2, 1, 1, 262, 'GIRLS'),
('ROSY RIDERS', 'CARBON ART', 1, 2, 1, 7, 263, 'GIRLS'),
('VIOLET VIPERS', 'CARBON ART', 1, 2, 1, 2, 264, 'GIRLS'),
('BLUE BLASTERS', 'CARBON ART', 1, 2, 2, 6, 265, 'GIRLS'),
('GALACTIC STARS', 'CARBON ART', 1, 2, 2, 8, 266, 'GIRLS'),
('ROSY RIDERS', 'CARBON ART', 1, 2, 2, 5, 267, 'GIRLS'),
('VIOLET VIPERS', 'CARBON ART', 1, 2, 2, 3, 268, 'GIRLS');

-- --------------------------------------------------------

--
-- Table structure for table `eventdb`
--

CREATE TABLE `eventdb` (
  `event_name` varchar(255) COLLATE utf8mb4_general_ci NOT NULL,
  `event_id` int NOT NULL,
  `event_date` varchar(255) COLLATE utf8mb4_general_ci NOT NULL,
  `event_time` varchar(255) COLLATE utf8mb4_general_ci NOT NULL,
  `event_venue` varchar(255) COLLATE utf8mb4_general_ci NOT NULL,
  `max_participants` int NOT NULL,
  `is_group` int NOT NULL,
  `group_counts` int NOT NULL,
  `group_participants` int NOT NULL,
  `allowance` int NOT NULL,
  `gender` varchar(255) COLLATE utf8mb4_general_ci NOT NULL,
  `image` varchar(255) COLLATE utf8mb4_general_ci DEFAULT NULL,
  `event_type` varchar(255) COLLATE utf8mb4_general_ci DEFAULT NULL,
  `event_rules` varchar(2550) COLLATE utf8mb4_general_ci DEFAULT NULL,
  `event_cordinators` varchar(255) COLLATE utf8mb4_general_ci DEFAULT NULL
) ENGINE=InnoDB DEFAULT CHARSET=utf8mb4 COLLATE=utf8mb4_general_ci;

--
-- Dumping data for table `eventdb`
--

INSERT INTO `eventdb` (`event_name`, `event_id`, `event_date`, `event_time`, `event_venue`, `max_participants`, `is_group`, `group_counts`, `group_participants`, `allowance`, `gender`, `image`, `event_type`, `event_rules`, `event_cordinators`) VALUES
('CARBON ART', 1, '26/09/23', '09:45 AM – 10-45 AM', 'Chemistry Lab', 2, 1, 2, 1, 2, 'COMMON', 'public/images/event/carbonart.jpg', 'Off Stage', 'It is solo event. This event is for both boys and girls teams. Participants count : 2 per team. Time limit : 1 hour. The topic will be given on the spot.', 'Mr.B.NAGARAJAN|Mr.N.VIGNESAN'),
('CINE SNAP', 2, '26/09/23', '09:45 AM – 10:45 AM', 'Sir. C. V. Raman Auditorium', 5, 0, 0, 0, 5, 'COMMON', 'public/images/event/cine.jpg', 'Off Stage', 'This is a team event with a genre choice of Mystery-Thriller/Sci-Fi. It\'s open to both boys and girls teams, with a participant count of five members per team. All film submissions must be original work created by the entrant team. Films should be submitted to the Event Coordinators by the specified deadline, which is on or before 25/09/23. It\'s important that films do not contain any copyrighted material or elements without proper authorization. Films should be submitted in the specified format (eg, MP4/AVI/MOV/MKV) with high-quality video and audio, and if the primary language is not English, submissions should include English subtitles. The time limit for each film is 5 minutes.', 'Dr.T.VENISH KUMAR|Mr.S.MANIMARAN'),
('PICASSO ON GLASS', 3, '26/09/23', '11:00 AM to 11:45 AM', 'Chemistry Lab', 4, 1, 2, 2, 4, 'COMMON', 'public/images/event/glasspicaso.jpg', 'Off Stage', 'It is team event. This event is for both boys and girls teams. Participants count : 2 groups/ team with 2 members in each group. Time limit : 1 hour. The participants should bring all necessary materials.', 'Mr.A.KARTHIKRAJA|Mr.K.RAJAGURU'),
('INSTAREEL RIVALS', 4, '26/09/23', '11:15 AM', ' ', 1, 0, 0, 0, 1, 'COMMON', 'public/images/event/reels.png', 'Off Stage', 'This is a solo event where submissions will be accepted between 22/09/23 and 26/09/23, as specified in the event announcement. Participants are encouraged to create Instagram Reels that align with the cultural theme of the program, which is \"Laugh out Loud.\" Reels must be original creations and should not include copyrighted material without proper authorization. Content must adhere to guidelines and must not contain explicit, offensive, or harmful material. This event is open to both boys and girls teams, with a participant count of 1 per team. The time limit for a Reel is 60 seconds.', 'Mr.R.SANTHASEELAN|Ms.B.ABINAYA\r\n'),
('ARTY CRAFTY', 5, '26/09/23', '12:00 PM to 01:00 PM', 'Ohm’s Lab', 4, 1, 2, 2, 4, 'COMMON', 'public/images/event/ARTYCRAFTY.jpg', 'Off Stage', 'This is a team event that revolves around executing a project based on a chosen theme. It\'s open to both boys and girls teams, with a participant count of 2 groups per team, each consisting of 2 members. The time limit for completing the project is 1 hour. Participants are required to bring the necessary materials, but only waste materials should be used. Bringing any structure that is partially or fully made is not allowed. In addition to waste materials, participants can use glue, pins, threads, and colors to enhance the finishing of their work. It\'s important to note that the judges reserve the right to disqualify any artwork that is not created primarily with waste materials.', 'Dr.A.SOLAIRAJ|Mr.G.ARUNKUMAR'),
('TALK ON THE SPOT', 6, '26/09/23', '01:00 PM to 02:00 PM', 'Language Lab', 2, 1, 2, 1, 2, 'COMMON', 'public/images/event/talk.jpg', 'Off Stage', 'This is a solo event where participants can choose to speak in either Tamil or English but should not mix languages during their speech. It\'s open to both boys and girls teams, with a participant count of 2 per team. The event allows 2 minutes for preparation and 3 minutes for the talk. The topic will be given on the spot, and judgment will be based on relevance to the title, fluency, organized content delivery, and clarity of the presentation.', 'Mr.R.C.RICHARD BRITTO|Mr.V.SIVAGANESAN'),
('BLOSSOM AND CRAFTS', 7, '26/09/23', '02:00 PM to 03:00 PM', 'Chemistry Lab', 4, 1, 2, 2, 4, 'COMMON', 'public/images/event/several-colorful-gifts-with-bow.jpg', 'Off Stage', 'This is a team event open to both boys and girls teams. Each team consists of 2 groups, with 2 members in each group, totaling 4 participants per team. The teams have a time limit of 1 hour to create their chosen art, which may be floral or any gift, depending on the participants\' preferences. Participants are required to bring all necessary materials for their project.', 'Dr.C.SIVAKANDHAN|Mr.C.SURULIMANI'),
('CUISINE MASTER', 8, '26/09/23', '03:15 PM to 04:15 PM', 'Girls: Physics Lab / Boys: Ohm\'s Lab', 6, 1, 2, 3, 6, 'COMMON', 'public/images/event/cuisine_master.jpg', 'Off Stage', '\r\nThis is a team event that welcomes both boys and girls teams. Each team is composed of 2 groups, with 3 members in each group, making a total of 6 participants per team. Teams have a time limit of 1 hour to create their culinary masterpiece. Participants are responsible for bringing all the necessary materials for their cooking project. The results of this event will be based on taste and creativity. It\'s important to note that participants are allowed to use an induction stove for their cooking, but the use of open flames or fire is strictly prohibited for safety reasons.', 'Mr.M.IDHAYACHANDRAN|Mr.R.RAJAKARTHICK'),
('TECH QUEST CHALLENGE', 9, '26/09/23', '03:30 PM to 04:30 PM', 'Sir. C. V. Raman Auditorium', 5, 0, 0, 0, 5, 'COMMON', 'public/images/event/treasure-hunt.png', 'Off Stage', 'It is team event. This event is for both boys and girls teams. Participants count : Maximum 5 members. Time limit : 1 hour. Detailed rules will be announced by organizers.', 'Mr. K.KIRUBAKARAN|Mr.A.VENNIMALAIRAJAN'),
('HANDY HENNA', 10, '27/09/23', '09:45 AM – 10:45 AM', 'Chemistry Lab', 4, 1, 2, 2, 4, 'GIRLS', 'public/images/event/henna.jpg', 'Off Stage', 'It is team event. This event is for Girls teams only. Participants count : 2 groups/ team with 2 members in each group. Time limit : 1 hour. The participants should bring all necessary materials.', 'Mrs.R.ARCHANA|Ms.R.VINITHA\r\n'),
('HAIRY DORA', 11, '27/09/23', '11:00 AM to 12:00 noon', 'Physics Lab', 4, 1, 2, 2, 4, 'GIRLS', 'public/images/event/hairy.jpg', 'Off Stage', 'It is team event. This event is for Girls teams only. Participants count : 2 groups/ team with 2 members in each group. Time limit : 1 hour. The participants should bring all necessary materials.', 'Mrs.P.NALINI|Mrs.A.RAJAPRIYADHARSHINI\r\n'),
('ONSTAGE ODYSSEY', 12, '27/09/23', '12:15 PM to 01:15 PM', 'Ohm’s Lab', 7, 0, 0, 0, 7, 'GIRLS', 'public/images/event/webpage 3.jpg', 'Off Stage', 'This is a team event exclusively for girls teams, with each team allowed a maximum of 7 participants. The total performance time should not exceed 5 minutes, and teams must inform the organizers and event coordinator of their chosen theme at least two days before the event. The theme should revolve around creating awareness about a specific issue or topic. The complete skit should be in the English language. Safety is a priority, and the use of fire, water, glass, or any materials that could litter the stage is strictly prohibited. Audio tracks should be submitted and verified with the event coordinator on the day before the event. Judging criteria will assess creativity, team coordination, the use of costumes, and properties within the performance.', 'Mrs.M.FATHIMA BEEVI|Mrs.J.PREETHA'),
('WARRIORS SHOWCASE', 13, '27/09/23', '09:45 AM – 10:45 AM', 'PlayGround', 2, 0, 0, 0, 2, 'BOYS', 'public/images/event/martial-arts.png', 'Off Stage', 'This is a team event exclusively for boys teams, with each team consisting of 2 members. The allotted time limit for the performance is 5 minutes. Participants are responsible for bringing all the necessary materials. The performance can encompass various activities such as Yoga, Karate, Silambam, Karali, Kattas, or Taekwondo movements. However, it\'s important to note that the use of fire and glass is strictly prohibited for safety reasons.', 'Mr.K.SUNDARARAJAN|Mr.P.SELVAKUMAR'),
('PICASSO ON FACE', 14, '27/09/23', '11:00 AM to 12:00 PM', 'Ohm’s Lab', 4, 1, 2, 2, 4, 'BOYS', 'public/images/event/face-painting.jpg', 'Off Stage', 'It is team event. This event is for boys teams only. Participants count : 2 groups/ team with 2 members in each group. Time limit : 1 hour. The participants should bring all necessary materials. Theme will be given on the spot.', 'Dr.R.ATHILINGAM|Mrs.M.KANIMOZHI\r\n'),
('GAMERS GAUNTLET', 15, '27/09/23', '12:15 PM to 01:15 PM', 'Dennis Lab', 2, 0, 0, 0, 2, 'BOYS', 'public/images/event/cod.jpg', 'Off Stage', 'It is a Team Event with 2 participants/team.\r\nAll participants should be familiar with the rules and gameplay of the selected game.\r\nMatches will be played on LAN (Local Area Network) to ensure fair play.\r\nParticipants are responsible for bringing their own gaming equipment, including Gaming Keyboard and audio accessories(if available).\r\nThe organizers will provide the necessary infrastructure for LAN gaming, including network connections and power outlets.\r\nAll software and game updates will be installed and up to date before the competition begins.\r\nParticipants are expected to exhibit good sportsmanship and fair play at all times.\r\nCheating, hacking, or using unauthorized third-party software is strictly prohibited and will result in immediate disqualification.\r\nThe team has to Report in time with College Identity card.\r\nTeams has to pick up their places in the venue and check their hardware before event starts.\r\nTrail play is not allowed.\r\nWinners are chosen by your win and losses, if in the case of tie kills and deaths are get into account of decision.\r\nNote: Damaging any hardware devices will have made you disqualify your \r\nhouse.', 'Mr.R.SHANMUGAPRIYAN|Mr.R.RADHAKRISHNAN'),
('CARVO', 16, '27/09/23', '02:00 PM to 03:00 PM', 'Ohm’s Lab', 6, 1, 2, 3, 6, 'COMMON', 'public/images/event/carvo.jpg', 'Off Stage', 'It is team event. This event is for both boys and girls teams. Participants count : 2 groups/ team with 3 members in each group. Time limit : 1 hour. The participants should bring all necessary materials.', 'Mr.V.RAJAPRASANNA|Mrs.J.PRIYA\r\n'),
('SNAPOGRAPHY', 17, '27/09/23', '02:45 PM to 03:45 PM', 'Language Lab', 4, 1, 2, 2, 4, 'COMMON', 'public/images/event/photography-camera-learning-feature.JPG', 'Off Stage', 'This is a team event open to both boys and girls teams. Each team comprises 2 groups, with 2 members in each group, totaling 4 participants per team. Teams have a time limit of 1 hour for the event. Participants are required to bring a professional camera for the competition. It\'s important to note that the use of mobile phones is strictly prohibited during the event. The theme for the photography competition will be provided on the spot, challenging participants to capture creative and compelling images within the given time frame.', 'Dr.N.DAVID MATHAN|Ms.M.SANGAVI'),
('ANY BODY CAN DANCE', 18, '29/09/23', '12:45 PM to 02:45 PM', 'Kamarajar Open Auditorium', 10, 0, 0, 0, 10, 'COMMON', 'public/images/event/dance.jpg', 'On Stage', 'This event is a team performance open to both boys and girls teams, with each team allowed a maximum of 10 participants. The performance should not exceed 10 minutes in total, comprising 7 minutes for a team\'s chosen folk dance and 3 minutes for a \"foot loose\" segment, all rooted in Indian folk traditions and reflecting the country\'s rich cultural heritage. Safety is a priority as the use of fire, water, glass, or any other materials that could litter the stage is strictly prohibited. Additionally, teams must submit their audio track to the event coordinator and will be judged based on creativity, team coordination, costumes, and properties used in their culturally artistic performance.', 'Mr.R.PRADEEP KUMAR|Ms.M.DIVYABHARATHI'),
('MIME ODYSSEY', 19, '29/09/23', '02:45 PM to 03:45 PM', 'Kamarajar Open Auditorium', 10, 0, 0, 0, 10, 'COMMON', 'public/images/event/mime.jpg', 'On Stage', 'This team event is open to both boys and girls teams, with a maximum of 10 participants per team. The total performance time should not exceed 5 minutes, and teams are required to inform the organizers and event coordinator of their chosen theme at least two days before the event. The theme should aim to raise awareness about a specific issue or topic. Performances should consist of silent acts or mimes, with a focus on creativity, expression, and storytelling. Safety is of utmost importance, and the use of fire, water, glass, or any materials that could litter the stage is strictly prohibited. The audio track used should solely be background music without spoken words or lyrics, and it should be submitted and verified with the event coordinator on the day before the event. Judging criteria encompass creativity, team coordination, the use of costumes, and the incorporation of properties within the performance.', 'Ms.I.LIMSHA DEBORAH|Mrs.M.SINDHU'),
('MUSICAL RHAPSODY', 20, '29/09/23', '03:45 PM to 04:45 PM', 'Kamarajar Open Auditorium', 1, 0, 0, 0, 1, 'COMMON', 'public/images/event/sing.jpg', 'On Stage', 'Solo Event: This event is a solo performance, and each team can have only one\r\nparticipant. Open to All Genders: The event is open to both boys and girls teams. Time Limit: Each participant\'s performance should not exceed 5 minutes. Participants must adhe', 'Dr.T.VENISHKUMAR|Mr.V.SIVAGANESAN'),
('CHOREO BOOM', 21, '30/09/23', '10:00 AM to 12:00 PM', 'Kamarajar Open Auditorium', 10, 0, 0, 0, 10, 'COMMON', 'public/images/event/dance2.jpg', 'On Stage', 'This event is a team performance open to both boys and girls teams, with each team allowed a maximum of 10 participants. The performance should not exceed 8 minutes in total, consisting of 5 minutes for the team\'s own choice of western dance and 3 minutes for a \"foot loose\" segment, all adhering to a purely westernized style. The performance should be cultured and a pleasant piece of art, and safety is prioritized by prohibiting the use of fire, water, glass, or any other materials that could litter the stage. Teams are required to submit their chosen audio track to the event coordinator and will be judged based on creativity, team coordination, the use of costumes, and properties in the performance.', 'Mr.R.RADHAKRISHNAN|Mr.J.CHAKRAVARTHY SAMYDURAI'),
('NSCET TRENDSETTERS', 22, '30/09/23', '12:00 PM to 01:00 PM', 'Kamarajar Open Auditorium', 1, 0, 0, 0, 1, 'COMMON', 'public/images/event/fasion.jpg', 'On Stage', 'Theme: The theme for the event is \"Be Bold for Change,\" and all teams must incorporate this theme into their performances.\nTeam Event: The fashion show is a team event, and each team can consist of 6 to 8 members.\nTime Limit: Each team\'s performance, including setup and the actual show, must not exceed 7 minutes. There will be negative marking if a team exceeds this time limit.\nMusic Submission: Teams should carry their performance tracks on a pen drive and submit them in advance to the event organizers for technical coordination.\nProhibition of Vulgarity: Vulgarity and any form of obscenity are strictly prohibited. Teams must maintain a high standard of decency in their performances. Any violation will result in the disqualification of the team from the contest.\nJudging Criteria: Teams will be judged on the following criteria:\n Costumes: The creativity, craftsmanship, originality, confidence \nand relevance of the costumes to the theme.\n Costume Guidelines: All costumes are permitted, provided they maintain decency. This includes original designs, professionally made costumes, or rented outfits.\n The entrant’s personality and willingness to think outside the square should be obvious in their outfit\n They should look confident and happy in their outfit and wear something that makes them stand out in a positive manner Attention to detail with accessories:\n Ladies appropriate headwear is essential\n Men’s accessories should be considered (but not essential)\n The overall picture must be considered in the judging – bag, shoes, jewellery and headwear\n The entire outfit must be complementary and fit together \nWalking Stance: The model’s walking posture, confidence, and style.\n Entrants will be judged according to not only their outfit, but also the way they carry themselves on stage.\n Hair, makeup and behavior on stage will also be considered by the judges.\nAttitude: The overall attitude and stage presence of the team.\n The way that you think, feel or behave.\n Focus with Your Eyes: As you cannot smile or give any other expressions during a catwalk, the only way to exhibit your confidence on the ramp is through your eyes and eyebrows. Do not look around; keep your eyes fixed on a point in front of you. Just like the focus of the camera\'s lens, keep your eye contact focused.\n Tag Line: Each team should have one tagline representing their group and the theme. (Slogan – For Example: Be daring, be different, be you)\n7. Judges\' Decision: The decision of the judges will be final and bi', 'Mr.R.UDHAYAKUMAR|Mrs.S.GAYATHRI');

-- --------------------------------------------------------

--
-- Table structure for table `housedb`
--

CREATE TABLE `housedb` (
  `name` varchar(255) COLLATE utf8mb4_general_ci DEFAULT NULL,
  `id` int NOT NULL,
  `score` int DEFAULT NULL,
  `gender` varchar(11) COLLATE utf8mb4_general_ci NOT NULL
) ENGINE=InnoDB DEFAULT CHARSET=utf8mb4 COLLATE=utf8mb4_general_ci;

--
-- Dumping data for table `housedb`
--

INSERT INTO `housedb` (`name`, `id`, `score`, `gender`) VALUES
('TIGER THRASHERS', 921001, 70, 'BOYS'),
('DRAGON WARRIORS', 921002, 70, 'BOYS'),
('PHOENIX BLASTERS', 921003, 30, 'BOYS'),
('DINO THUNDERS', 921004, 40, 'BOYS'),
('GALACTIC STARS', 921005, 50, 'GIRLS'),
('VIOLET VIPERS', 921006, 35, 'GIRLS'),
('BLUE BLASTERS', 921007, 50, 'GIRLS'),
('ROSY RIDERS', 921008, 75, 'GIRLS');

-- --------------------------------------------------------

--
-- Table structure for table `registerationdb`
--

CREATE TABLE `registerationdb` (
  `reg_no` varchar(255) COLLATE utf8mb4_general_ci NOT NULL,
  `event_name` varchar(255) COLLATE utf8mb4_general_ci NOT NULL,
  `grouped` int NOT NULL DEFAULT '0',
  `student_house` varchar(255) COLLATE utf8mb4_general_ci DEFAULT NULL,
  `student_dept` varchar(255) COLLATE utf8mb4_general_ci DEFAULT NULL,
  `gender` varchar(255) COLLATE utf8mb4_general_ci DEFAULT NULL,
  `id` int NOT NULL,
  `student_name` varchar(200) COLLATE utf8mb4_general_ci DEFAULT NULL,
  `student_year` varchar(255) COLLATE utf8mb4_general_ci NOT NULL
) ENGINE=InnoDB DEFAULT CHARSET=utf8mb4 COLLATE=utf8mb4_general_ci;

--
-- Dumping data for table `registerationdb`
--

INSERT INTO `registerationdb` (`reg_no`, `event_name`, `grouped`, `student_house`, `student_dept`, `gender`, `id`, `student_name`, `student_year`) VALUES
('921021103016', 'ANY BODY CAN DANCE', 0, 'DINO THUNDERS', 'CE', 'BOYS', 25, 'MADURAI VEERAN L', 'III'),
('2023FCS029', 'ANY BODY CAN DANCE', 0, 'DINO THUNDERS', 'CSE', 'BOYS', 26, 'PANDEESWARAN C', 'I'),
('2023FCS003', 'ANY BODY CAN DANCE', 0, 'ABS - DINO THUNDERS', 'CSE', 'BOYS', 27, 'SAKTHI SUNDAR P', 'I'),
('2023FCE020', 'ANY BODY CAN DANCE', 0, 'DINO THUNDERS', 'CE', 'BOYS', 28, 'HARIKRISHNAN R', 'I'),
('921022104003', 'ANY BODY CAN DANCE', 0, 'ABS - DINO THUNDERS', 'CSE', 'BOYS', 30, 'AKILAN A', 'II'),
('921020114008', 'ANY BODY CAN DANCE', 0, 'DINO THUNDERS', 'MECH', 'BOYS', 31, 'GOKUL M', 'IV'),
('921022106036', 'CHOREO BOOM', 0, 'DINO THUNDERS', 'ECE', 'BOYS', 32, 'MUSHARRAF RAJA S', 'II'),
('2023FCE020', 'CHOREO BOOM', 0, 'DINO THUNDERS', 'CE', 'BOYS', 34, 'HARIKRISHNAN R', 'I'),
('2023FEC013', 'CHOREO BOOM', 0, 'DINO THUNDERS', 'ECE', 'BOYS', 35, 'VIJAYARAGAVAN C', 'I'),
('2023FEC002', 'CHOREO BOOM', 0, 'DINO THUNDERS', 'ECE', 'BOYS', 36, 'ADITHYAN V', 'I'),
('2023FCS003', 'CHOREO BOOM', 0, 'DINO THUNDERS', 'CSE', 'BOYS', 37, 'SAKTHI SUNDAR P', 'I'),
('921022105010', 'ANY BODY CAN DANCE', 0, 'DINO THUNDERS', 'EEE', 'BOYS', 38, 'MANIKANDAN M', 'II'),
('921022106036', 'MIME ODYSSEY', 0, 'DINO THUNDERS', 'ECE', 'BOYS', 39, 'MUSHARRAF RAJA S', 'II'),
('921021103016', 'MIME ODYSSEY', 0, 'DINO THUNDERS', 'CE', 'BOYS', 40, 'MADURAI VEERAN L', 'III'),
('2023FCS008', 'MIME ODYSSEY', 0, 'DINO THUNDERS', 'CSE', 'BOYS', 42, 'JAI RAGUL D', 'I'),
('921022104013', 'MIME ODYSSEY', 0, 'DINO THUNDERS', 'CSE', 'BOYS', 43, 'GOKULNATH B', 'II'),
('921022104060', 'MIME ODYSSEY', 0, 'DINO THUNDERS', 'CSE', 'BOYS', 44, 'YUGESH KUMAR A', 'II'),
('921022114018', 'MIME ODYSSEY', 0, 'DINO THUNDERS', 'MECH', 'BOYS', 46, 'MUTHUBALAJI C', 'II'),
('921020103303', 'MIME ODYSSEY', 0, 'DINO THUNDERS', 'CE', 'BOYS', 47, 'SOUNDARAPANDI P', 'IV'),
('921020103003', 'MIME ODYSSEY', 0, 'DINO THUNDERS', 'CE', 'BOYS', 48, 'JOSH POVASH C', 'IV'),
('921021106014', 'SNAPOGRAPHY', 1, 'DINO THUNDERS', 'ECE', 'BOYS', 49, 'LOGESH GNANAVEL S', 'III'),
('921020105011', 'SNAPOGRAPHY', 1, 'DINO THUNDERS', 'EEE', 'BOYS', 50, 'MAHENDRAN M', 'IV'),
('921022104060', 'WARRIORS SHOWCASE', 0, 'DINO THUNDERS', 'CSE', 'BOYS', 51, 'YUGESH KUMAR A', 'II'),
('921020106017', 'PICASSO ON FACE', 1, 'DINO THUNDERS', 'ECE', 'BOYS', 52, 'KATHIRAVAN A', 'IV'),
('921020106038', 'PICASSO ON FACE', 1, 'DINO THUNDERS', 'ECE', 'BOYS', 53, 'SHRISH K', 'IV'),
('921021104022', 'CARBON ART', 1, 'DINO THUNDERS', 'CSE', 'BOYS', 54, 'LOGESH M', 'III'),
('921022104003', 'CARBON ART', 2, 'DINO THUNDERS', 'CSE', 'BOYS', 55, 'AKILAN A', 'II'),
('2023FEC024', 'CINE SNAP', 0, 'DINO THUNDERS', 'ECE', 'BOYS', 56, 'HARIMURUGAN S', 'I'),
('921020106303', 'MIME ODYSSEY', 0, 'DINO THUNDERS', 'ECE', 'BOYS', 60, 'SABARI GANESH A', 'IV'),
('921022106054', 'CINE SNAP', 0, 'DINO THUNDERS', 'ECE', 'BOYS', 61, 'SUKIN J', 'II'),
('921020106017', 'MIME ODYSSEY', 0, 'DINO THUNDERS', 'ECE', 'BOYS', 62, 'KATHIRAVAN A', 'IV'),
('2023FEC002', 'PICASSO ON FACE', 2, 'DINO THUNDERS', 'ECE', 'BOYS', 63, 'ADITHYAN V', 'I'),
('2023FEC013', 'PICASSO ON FACE', 2, 'DINO THUNDERS', 'ECE', 'BOYS', 64, 'VIJAYARAGAVAN C', 'I'),
('921020106033', 'PICASSO ON FACE', 1, 'TIGER THRASHERS', 'ECE', 'BOYS', 65, 'SARAVANAPANDI A', 'IV'),
('921022243015', 'PICASSO ON FACE', 1, 'TIGER THRASHERS', 'AI', 'BOYS', 66, 'PRANAV S ', 'II'),
('921022106023', 'PICASSO ON FACE', 2, 'TIGER THRASHERS', 'ECE', 'BOYS', 67, 'JEYARAM S', 'II'),
('921021114030', 'PICASSO ON FACE', 2, 'TIGER THRASHERS', 'MECH', 'BOYS', 68, 'SANJAY KUMAR C', 'III'),
('921020104031', 'GAMERS GAUNTLET', 0, 'TIGER THRASHERS', 'CSE', 'BOYS', 71, 'MOHAMMAD JAVID A R', 'IV'),
('921020104036', 'GAMERS GAUNTLET', 0, 'TIGER THRASHERS', 'CSE', 'BOYS', 72, 'PRAVEEN KUMAR M', 'IV'),
('921020103302', 'CARBON ART', 1, 'TIGER THRASHERS', 'CE', 'BOYS', 75, 'MAHEE AJMEER A', 'IV'),
('921020106033', 'CARBON ART', 2, 'TIGER THRASHERS', 'ECE', 'BOYS', 76, 'SARAVANAPANDI A', 'IV'),
('921022106007', 'PICASSO ON GLASS', 1, 'TIGER THRASHERS', 'ECE', 'BOYS', 77, 'ARUNESH PANDI S', 'II'),
('921022106035', 'PICASSO ON GLASS', 1, 'TIGER THRASHERS', 'ECE', 'BOYS', 78, 'MOHAMED SALMAN A', 'II'),
('921022114021', 'PICASSO ON GLASS', 2, 'TIGER THRASHERS', 'MECH', 'BOYS', 80, 'RITHEESHKUMAR S', 'II'),
('921022114025', 'PICASSO ON GLASS', 2, 'TIGER THRASHERS', 'MECH', 'BOYS', 81, 'VISAGAN R', 'II'),
('921022106023', 'ARTY CRAFTY', 1, 'TIGER THRASHERS', 'ECE', 'BOYS', 82, 'JEYARAM S', 'II'),
('921022106053', 'ARTY CRAFTY', 1, 'TIGER THRASHERS', 'ECE', 'BOYS', 83, 'SUHAIL AKTHAR M', 'II'),
('921020114006', 'ARTY CRAFTY', 2, 'TIGER THRASHERS', 'MECH', 'BOYS', 85, 'DIVAGAR M', 'IV'),
('921020114023', 'ARTY CRAFTY', 2, 'TIGER THRASHERS', 'MECH', 'BOYS', 86, 'SIVALINGESWARAN V', 'IV'),
('921020114011', 'TALK ON THE SPOT', 1, 'TIGER THRASHERS', 'MECH', 'BOYS', 87, 'HARI S', 'IV'),
('2023FME010', 'CHOREO BOOM', 0, 'DINO THUNDERS', 'MECH', 'BOYS', 88, 'PANDEESWARAN B', 'I'),
('2023FEE015', 'CHOREO BOOM', 0, 'DINO THUNDERS', 'EEE', 'BOYS', 89, 'SANTHOSH J', 'I'),
('2023FCE012', 'ANY BODY CAN DANCE', 0, 'DINO THUNDERS', 'CE', 'BOYS', 92, 'AJAY S', 'I'),
('2023FAI026', 'ANY BODY CAN DANCE', 0, 'DINO THUNDERS', 'AI', 'BOYS', 93, 'DEVENDRA KUMAR P', 'I'),
('2023FCS040', 'CINE SNAP', 0, 'TIGER THRASHERS', 'CSE', 'BOYS', 100, 'SRIKARAN G', 'I'),
('2023LCE025', 'CINE SNAP', 0, 'TIGER THRASHERS', 'CE', 'BOYS', 102, 'ABUBAKAR SITTIK S', 'II'),
('921020104031', 'BLOSSOM AND CRAFTS', 1, 'TIGER THRASHERS', 'CSE', 'BOYS', 107, 'MOHAMMAD JAVID A R', 'IV'),
('921020114006', 'BLOSSOM AND CRAFTS', 2, 'TIGER THRASHERS', 'MECH', 'BOYS', 109, 'DIVAGAR M', 'IV'),
('921020114002', 'BLOSSOM AND CRAFTS', 2, 'TIGER THRASHERS', 'MECH', 'BOYS', 113, 'AMRITSRINITHIHARIRAJAN A', 'IV'),
('921020114023', 'CUISINE MASTER', 1, 'TIGER THRASHERS', 'MECH', 'BOYS', 114, 'SIVALINGESWARAN V', 'IV'),
('921022105016', 'CUISINE MASTER', 1, 'TIGER THRASHERS', 'EEE', 'BOYS', 115, 'RAJESH R', 'II'),
('921022105026', 'CUISINE MASTER', 1, 'TIGER THRASHERS', 'EEE', 'BOYS', 116, 'THANIYAL M', 'II'),
('921021104021', 'CUISINE MASTER', 2, 'TIGER THRASHERS', 'CSE', 'BOYS', 117, 'LISANTH V', 'III'),
('2023FIT017', 'CUISINE MASTER', 2, 'TIGER THRASHERS', 'IT', 'BOYS', 118, 'RISHIKESH K', 'I'),
('2023FEE036', 'CINE SNAP', 0, 'DINO THUNDERS', 'EEE', 'BOYS', 119, 'GURUPRASATH M', 'I'),
('2023FEE037', 'CINE SNAP', 0, 'DINO THUNDERS', 'EEE', 'BOYS', 120, 'ARAVINTH S', 'I'),
('2023FAI025', 'CUISINE MASTER', 2, 'TIGER THRASHERS', 'AI', 'BOYS', 122, 'BALAJI B', 'I'),
('921021106020', 'TECH QUEST CHALLENGE', 0, 'TIGER THRASHERS', 'ECE', 'BOYS', 124, 'SABAREESHWARAN S', 'III'),
('921020105019', 'TECH QUEST CHALLENGE', 0, 'TIGER THRASHERS', 'EEE', 'BOYS', 125, 'SUNIL KRISHNA T S S S', 'IV'),
('921020114011', 'TECH QUEST CHALLENGE', 0, 'TIGER THRASHERS', 'MECH', 'BOYS', 127, 'HARI S', 'IV'),
('921020103302', 'TECH QUEST CHALLENGE', 0, 'TIGER THRASHERS', 'CE', 'BOYS', 128, 'MAHEE AJMEER A', 'IV'),
('921021114001', 'CARVO', 1, 'TIGER THRASHERS', 'MECH', 'BOYS', 130, 'AJITH G', 'III'),
('921021114006', 'CARVO', 1, 'TIGER THRASHERS', 'MECH', 'BOYS', 131, 'GOKUL R', 'III'),
('921021114043', 'CARVO', 1, 'TIGER THRASHERS', 'MECH', 'BOYS', 132, 'VASANTHA KUMAR K', 'III'),
('921020104006', 'CARVO', 2, 'TIGER THRASHERS', 'CSE', 'BOYS', 133, 'ARJUNYUVANESH R', 'IV'),
('921020104017', 'CARVO', 2, 'TIGER THRASHERS', 'CSE', 'BOYS', 134, 'HARIHARAA S', 'IV'),
('921020104054', 'CARVO', 2, 'TIGER THRASHERS', 'CSE', 'BOYS', 135, 'TAMILRAM G', 'IV'),
('921020114027', 'SNAPOGRAPHY', 1, 'TIGER THRASHERS', 'MECH', 'BOYS', 136, 'VISWANATHAN S', 'IV'),
('921020105009', 'SNAPOGRAPHY', 2, 'TIGER THRASHERS', 'EEE', 'BOYS', 137, 'KAVIYARASAN K', 'IV'),
('921022205024', 'GAMERS GAUNTLET', 0, 'DINO THUNDERS', 'IT', 'BOYS', 138, 'VIGNESHWAR S', 'II'),
('921021104049', 'ANY BODY CAN DANCE', 0, 'TIGER THRASHERS', 'CSE', 'BOYS', 139, 'SURESHBABU K', 'III'),
('921021104036', 'ANY BODY CAN DANCE', 0, 'TIGER THRASHERS', 'CSE', 'BOYS', 140, 'RAM KUMAR S', 'III'),
('921021114049', 'ANY BODY CAN DANCE', 0, 'TIGER THRASHERS', 'MECH', 'BOYS', 141, 'YUVARAJ K A', 'III'),
('921021106006', 'ANY BODY CAN DANCE', 0, 'TIGER THRASHERS', 'ECE', 'BOYS', 142, 'DEEPAK KUMAR V', 'III'),
('921022106009', 'ARTY CRAFTY', 1, 'DINO THUNDERS', 'ECE', 'BOYS', 143, 'BHUVANESH K', 'II'),
('921022104029', 'ANY BODY CAN DANCE', 0, 'TIGER THRASHERS', 'CSE', 'BOYS', 144, 'MIRUTHYUNJAY J A', 'II'),
('2023FIT014', 'ARTY CRAFTY', 1, 'DINO THUNDERS', 'IT', 'BOYS', 145, 'THANUSH KUMAR P', 'I'),
('2023FCE008', 'ARTY CRAFTY', 2, 'DINO THUNDERS', 'CE', 'BOYS', 146, 'PRATHIVARUN P R', 'I'),
('921021103012', 'ANY BODY CAN DANCE', 0, 'TIGER THRASHERS', 'CE', 'BOYS', 147, 'KARUNAKARAN R', 'III'),
('2023FCS007', 'ANY BODY CAN DANCE', 0, 'TIGER THRASHERS', 'CSE', 'BOYS', 148, 'MUZZAMED AHAMED S', 'I'),
('2023FEE009', 'ANY BODY CAN DANCE', 0, 'TIGER THRASHERS', 'EEE', 'BOYS', 149, 'RAJESHWARAN G', 'I'),
('921020104041', 'MIME ODYSSEY', 0, 'TIGER THRASHERS', 'CSE', 'BOYS', 150, 'SACHIN S', 'IV'),
('921020104017', 'MIME ODYSSEY', 0, 'TIGER THRASHERS', 'CSE', 'BOYS', 151, 'HARIHARAA S', 'IV'),
('921020114016', 'TALK ON THE SPOT', 1, 'DINO THUNDERS', 'MECH', 'BOYS', 152, 'MOHAMED VASIUL AKRAM M', 'IV'),
('921021114030', 'MIME ODYSSEY', 0, 'TIGER THRASHERS', 'MECH', 'BOYS', 153, 'SANJAY KUMAR C', 'III'),
('921021114035', 'TALK ON THE SPOT', 2, 'DINO THUNDERS', 'MECH', 'BOYS', 154, 'SIVAPRAKASH S', 'III'),
('2023FCS044', 'MIME ODYSSEY', 0, 'TIGER THRASHERS', 'CSE', 'BOYS', 157, 'HARISH PRAJEETH A S', 'I'),
('2023FEC035', 'MIME ODYSSEY', 0, 'ABS - TIGER THRASHERS', 'ECE', 'BOYS', 158, 'SUGESH RAM R', 'I'),
('2023FEC048', 'MIME ODYSSEY', 0, 'TIGER THRASHERS', 'ECE', 'BOYS', 159, 'KARTHIKRAJA V', 'I'),
('2023FME001', 'MIME ODYSSEY', 0, 'TIGER THRASHERS', 'MECH', 'BOYS', 160, 'KARUTHAPANDI E', 'I'),
('921022114025', 'MUSICAL RHAPSODY', 0, 'TIGER THRASHERS', 'MECH', 'BOYS', 161, 'VISAGAN R', 'II'),
('921021104049', 'CHOREO BOOM', 0, 'TIGER THRASHERS', 'CSE', 'BOYS', 162, 'SURESHBABU K', 'III'),
('921021104036', 'CHOREO BOOM', 0, 'TIGER THRASHERS', 'CSE', 'BOYS', 163, 'RAM KUMAR S', 'III'),
('921021114049', 'CHOREO BOOM', 0, 'TIGER THRASHERS', 'MECH', 'BOYS', 164, 'YUVARAJ K A', 'III'),
('921021103012', 'CHOREO BOOM', 0, 'TIGER THRASHERS', 'CE', 'BOYS', 165, 'KARUNAKARAN R', 'III'),
('921022103013', 'CHOREO BOOM', 0, 'TIGER THRASHERS', 'CE', 'BOYS', 166, 'PANDISELVAM T', 'II'),
('921022103019', 'CHOREO BOOM', 0, 'TIGER THRASHERS', 'CE', 'BOYS', 167, 'SIDHARTH K', 'II'),
('2023FCS010', 'CHOREO BOOM', 0, 'TIGER THRASHERS', 'CSE', 'BOYS', 168, 'RAGUL S', 'I'),
('921020104038', 'MUSICAL RHAPSODY', 0, 'DINO THUNDERS', 'CSE', 'BOYS', 179, 'RAJAMANI R.M.R', 'IV'),
('2023FCE008', 'WARRIORS SHOWCASE', 0, 'DINO THUNDERS', 'CE', 'BOYS', 180, 'PRATHIVARUN P R', 'I'),
('2022LME053', 'ANY BODY CAN DANCE', 0, 'TIGER THRASHERS', 'MECH', 'BOYS', 181, 'RAMACHANDRAN R', 'III'),
('921022114003', 'ANY BODY CAN DANCE', 0, 'TIGER THRASHERS', 'MECH', 'BOYS', 182, 'AZHAHAR M', 'II'),
('921021105020', 'TECH QUEST CHALLENGE', 0, 'DINO THUNDERS', 'EEE', 'BOYS', 183, 'NATARAJAN K', 'III'),
('2022LME053', 'CHOREO BOOM', 0, 'TIGER THRASHERS', 'MECH', 'BOYS', 184, 'RAMACHANDRAN R', 'III'),
('921022104041', 'TECH QUEST CHALLENGE', 0, 'DINO THUNDERS', 'CSE', 'BOYS', 185, 'SACHITHANANDAN S', 'II'),
('921021106014', 'TECH QUEST CHALLENGE', 0, 'DINO THUNDERS', 'ECE', 'BOYS', 186, 'LOGESH GNANAVEL S', 'III'),
('921020114020', 'TECH QUEST CHALLENGE', 0, 'DINO THUNDERS', 'MECH', 'BOYS', 187, 'PRAVEEN P', 'IV'),
('921020103003', 'TECH QUEST CHALLENGE', 0, 'DINO THUNDERS', 'CE', 'BOYS', 188, 'JOSH POVASH C', 'IV'),
('2023FME012', 'WARRIORS SHOWCASE', 0, 'DRAGON WARRIORS', 'MECH', 'BOYS', 190, 'RAJESH KUMAR M', 'I'),
('921021114028', 'PICASSO ON FACE', 1, 'DRAGON WARRIORS', 'MECH', 'BOYS', 191, 'RANJITH S', 'III'),
('921022243019', 'PICASSO ON FACE', 1, 'DRAGON WARRIORS', 'AI', 'BOYS', 192, 'SHAFEEK MURATH S', 'II'),
('2023FEC034', 'PICASSO ON FACE', 2, 'DRAGON WARRIORS', 'ECE', 'BOYS', 193, 'ANANTHA RAM A', 'I'),
('921021114022', 'PICASSO ON FACE', 2, 'DRAGON WARRIORS', 'MECH', 'BOYS', 194, 'PANDIAN K', 'III'),
('2023FCS035', 'CARBON ART', 1, 'DRAGON WARRIORS', 'CSE', 'BOYS', 195, 'AHAMED ATHIL KHAN M V', 'I'),
('921022205019', 'CARBON ART', 2, 'DRAGON WARRIORS', 'IT', 'BOYS', 196, 'SATHYA SEELAN M', 'II'),
('921020104057', 'CINE SNAP', 0, 'DRAGON WARRIORS', 'CSE', 'BOYS', 197, 'VENKATESH M', 'IV'),
('921020104047', 'CINE SNAP', 0, 'DRAGON WARRIORS', 'CSE', 'BOYS', 198, 'SELVA SANTHOSH M', 'IV'),
('921020104010', 'CINE SNAP', 0, 'DRAGON WARRIORS', 'CSE', 'BOYS', 199, 'BRUTHESAVAN M', 'IV'),
('921020104026', 'CINE SNAP', 0, 'DRAGON WARRIORS', 'CSE', 'BOYS', 200, 'KISHON KARTHIK T', 'IV'),
('921020104033', 'CINE SNAP', 0, 'DRAGON WARRIORS', 'CSE', 'BOYS', 201, 'NITHISHKUMAR S', 'IV'),
('921022205019', 'PICASSO ON GLASS', 1, 'DRAGON WARRIORS', 'IT', 'BOYS', 202, 'SATHYA SEELAN M', 'II'),
('921022205011', 'PICASSO ON GLASS', 1, 'DRAGON WARRIORS', 'IT', 'BOYS', 203, 'NAVEEN BHARATHI B', 'II'),
('921022114019', 'INSTAREEL RIVALS', 0, 'DRAGON WARRIORS', 'MECH', 'BOYS', 204, 'PERUMAL T', 'II'),
('921020105012', 'ARTY CRAFTY', 1, 'DRAGON WARRIORS', 'EEE', 'BOYS', 205, 'MARIYA ANTONY M', 'IV'),
('921021104009', 'TALK ON THE SPOT', 1, 'DRAGON WARRIORS', 'CSE', 'BOYS', 207, 'DINESH R', 'III'),
('921020114013', 'TALK ON THE SPOT', 2, 'DRAGON WARRIORS', 'Mech', 'BOYS', 208, 'JAI SURIYA J', 'IV'),
('921020106304', 'CUISINE MASTER', 1, 'DRAGON WARRIORS', 'ECE', 'BOYS', 209, 'VIGNESHWARAN M', 'IV'),
('921022114001', 'CUISINE MASTER', 1, 'DRAGON WARRIORS', 'MECH', 'BOYS', 210, 'ARAVIND D', 'II'),
('2023FCS034', 'CUISINE MASTER', 2, 'DRAGON WARRIORS', 'CSE', 'BOYS', 211, 'KAVIN PRASHAD A', 'I'),
('2023FAI001', 'CUISINE MASTER', 2, 'DRAGON WARRIORS', 'AI', 'BOYS', 212, 'GOKUL M', 'I'),
('921020106039', 'TECH QUEST CHALLENGE', 0, 'DRAGON WARRIORS', 'ECE', 'BOYS', 213, 'SIVABALA N', 'IV'),
('921021104029', 'TECH QUEST CHALLENGE', 0, 'DRAGON WARRIORS', 'CSE', 'BOYS', 214, 'MUKILAN S', 'III'),
('921021103004', 'TECH QUEST CHALLENGE', 0, 'ABS - DRAGON WARRIORS', 'CE', 'BOYS', 216, 'AJANTHAN R', 'III'),
('921021114036', 'TECH QUEST CHALLENGE', 0, 'DRAGON WARRIORS', 'MECH', 'BOYS', 217, 'SRI RAM M', 'III'),
('921021105010', 'TECH QUEST CHALLENGE', 0, 'DRAGON WARRIORS', 'EEE', 'BOYS', 219, 'KISHOR BABU R', 'III'),
('921020106001', 'CARVO', 1, 'DRAGON WARRIORS', 'ECE', 'BOYS', 220, 'ABDULPASITH S', 'IV'),
('2023FEE019', 'CARVO', 1, 'DRAGON WARRIORS', 'EEE', 'BOYS', 221, 'KARTHICKRAJAN T', 'I'),
('921020106039', 'CARVO', 2, 'DRAGON WARRIORS', 'ECE', 'BOYS', 222, 'SIVABALA N', 'IV'),
('2023FEE035', 'CARVO', 2, 'ABS - DRAGON WARRIORS', 'EEE', 'BOYS', 223, 'DARUNKUMAR K', 'I'),
('2023FEE013', 'CARVO', 2, 'DRAGON WARRIORS', 'EEE', 'BOYS', 225, 'SIVASURYAPRAKASH M', 'I'),
('921021106015', 'SNAPOGRAPHY', 1, 'DRAGON WARRIORS', 'ECE', 'BOYS', 226, 'LOGESHKUMAR P', 'III'),
('921021106010', 'SNAPOGRAPHY', 1, 'DRAGON WARRIORS', 'ECE', 'BOYS', 227, 'JAISURYA V', 'III'),
('921020105006', 'SNAPOGRAPHY', 2, 'ABS - DRAGON WARRIORS', 'EEE', 'BOYS', 228, 'HARIHARASUDHAN T', 'IV'),
('921021114037', 'WARRIORS SHOWCASE', 0, 'PHOENIX BLASTERS', 'MECH', 'BOYS', 229, 'SUNDAR M', 'III'),
('921020105302', 'SNAPOGRAPHY', 2, 'DRAGON WARRIORS', 'EEE', 'BOYS', 230, 'ABINESHKANNA L', 'IV'),
('2023FEC034', 'MUSICAL RHAPSODY', 0, 'DRAGON WARRIORS', 'ECE', 'BOYS', 231, 'ANANTHA RAM A', 'I'),
('921022106058', 'WARRIORS SHOWCASE', 0, 'PHOENIX BLASTERS', 'ECE', 'BOYS', 237, 'YOGESH K', 'II'),
('921022105031', 'PICASSO ON FACE', 1, 'PHOENIX BLASTERS', 'EEE', 'BOYS', 238, 'YOGESH PANDI S', 'II'),
('921022106045', 'PICASSO ON FACE', 1, 'PHOENIX BLASTERS', 'ECE', 'BOYS', 239, 'SAMYKUMAR S', 'II'),
('921022205013', 'PICASSO ON FACE', 2, 'PHOENIX BLASTERS', 'IT', 'BOYS', 240, 'PARAMESHWAR N S', 'II'),
('2023FCS012', 'PICASSO ON FACE', 2, 'PHOENIX BLASTERS', 'CSE', 'BOYS', 241, 'BALADINESH K', 'I'),
('921021104018', 'GAMERS GAUNTLET', 0, 'PHOENIX BLASTERS', 'CSE', 'BOYS', 243, 'KEVIN ARUL RAJA  A', 'III'),
('921020103301', 'ARTY CRAFTY', 2, 'PHOENIX BLASTERS', 'CE', 'BOYS', 247, 'AHAMED ARSATH T', 'IV'),
('921021114004', 'CARBON ART', 2, 'PHOENIX BLASTERS', 'MECH', 'BOYS', 251, 'DHARMA SURYA D', 'III'),
('921021104033', 'CINE SNAP', 0, 'PHOENIX BLASTERS', 'CSE', 'BOYS', 252, 'PRASANNA V', 'III'),
('2023FEC027', 'CINE SNAP', 0, 'PHOENIX BLASTERS', 'ECE', 'BOYS', 253, 'ANTON MATTEW A', 'I'),
('2023FEC021', 'CINE SNAP', 0, 'PHOENIX BLASTERS', 'ECE', 'BOYS', 254, 'KARTHICK V', 'I'),
('921021104045', 'INSTAREEL RIVALS', 0, 'PHOENIX BLASTERS', 'CSE', 'BOYS', 257, 'SARAN S', 'III'),
('921020103301', 'PICASSO ON GLASS', 1, 'PHOENIX BLASTERS', 'CE', 'BOYS', 258, 'AHAMED ARSATH T', 'IV'),
('921020105303', 'PICASSO ON GLASS', 1, 'PHOENIX BLASTERS', 'EEE', 'BOYS', 259, 'KESAVARAYAN E', 'IV'),
('921021104045', 'TALK ON THE SPOT', 1, 'PHOENIX BLASTERS', 'CSE', 'BOYS', 260, 'SARAN S', 'III'),
('921022106045', 'TALK ON THE SPOT', 2, 'PHOENIX BLASTERS', 'ECE', 'BOYS', 261, 'SAMYKUMAR S', 'II'),
('921020104034', 'BLOSSOM AND CRAFTS', 1, 'PHOENIX BLASTERS', 'CSE', 'BOYS', 262, 'PARTHIBAN R', 'IV'),
('921020104050', 'BLOSSOM AND CRAFTS', 1, 'PHOENIX BLASTERS', 'CSE', 'BOYS', 263, 'SIVAKUMAR K', 'IV'),
('921022243009', 'BLOSSOM AND CRAFTS', 2, 'PHOENIX BLASTERS', 'AI', 'BOYS', 264, 'JAYA GOKUL M', 'II'),
('921022243014', 'BLOSSOM AND CRAFTS', 2, 'PHOENIX BLASTERS', 'AI', 'BOYS', 265, 'PARI VIGNESH D S', 'II'),
('2023FCS028', 'CUISINE MASTER', 1, 'PHOENIX BLASTERS', 'CSE', 'BOYS', 266, 'PRAVEEN K C', 'I'),
('2023FCS020', 'CUISINE MASTER', 1, 'PHOENIX BLASTERS', 'CSE', 'BOYS', 267, 'MUHESH KANNA M', 'I'),
('2023FCS032', 'CUISINE MASTER', 1, 'PHOENIX BLASTERS', 'CSE', 'BOYS', 268, 'SRI KESAVAN S', 'I'),
('2023FCS012', 'CUISINE MASTER', 2, 'PHOENIX BLASTERS', 'CSE', 'BOYS', 269, 'BALADINESH K', 'I'),
('921020105008', 'TECH QUEST CHALLENGE', 0, 'PHOENIX BLASTERS', 'EEE', 'BOYS', 274, 'KARTHIKEYAN S', 'IV'),
('921020104028', 'TECH QUEST CHALLENGE', 0, 'PHOENIX BLASTERS', 'CSE', 'BOYS', 275, 'MADAVAN K', 'IV'),
('921021114042', 'TECH QUEST CHALLENGE', 0, 'PHOENIX BLASTERS', 'MECH', 'BOYS', 277, 'VAIRAVAN S', 'III'),
('921020106032', 'TECH QUEST CHALLENGE', 0, 'PHOENIX BLASTERS', 'ECE', 'BOYS', 278, 'SANTHOSH D', 'IV'),
('921021106031', 'CARVO', 1, 'PHOENIX BLASTERS', 'ECE', 'BOYS', 279, 'VEERAKALEESWARAN P', 'III'),
('921021114042', 'CARVO', 1, 'PHOENIX BLASTERS', 'MECH', 'BOYS', 280, 'VAIRAVAN S', 'III'),
('921021114009', 'CARVO', 1, 'PHOENIX BLASTERS', 'MECH', 'BOYS', 281, 'HARISH P', 'III'),
('2023FAI023', 'CARVO', 2, 'PHOENIX BLASTERS', 'AI', 'BOYS', 284, 'LOGESHKUMAR R', 'I'),
('2023FAI002', 'CARVO', 2, 'PHOENIX BLASTERS', 'AI', 'BOYS', 286, 'YOKESH J', 'I'),
('2023FEC027', 'CARVO', 2, 'PHOENIX BLASTERS', 'ECE', 'BOYS', 288, 'ANTON MATTEW A', 'I'),
('921020114014', 'MIME ODYSSEY', 0, 'PHOENIX BLASTERS', 'MECH', 'BOYS', 299, 'KESAVAN KARUPPASAMY G', 'IV'),
('921022105015', 'MIME ODYSSEY', 0, 'PHOENIX BLASTERS', 'EEE', 'BOYS', 300, 'NITHIYANANTHAM M', 'II'),
('921021106017', 'MIME ODYSSEY', 0, 'PHOENIX BLASTERS', 'ECE', 'BOYS', 301, 'RAMACHANDRAN S', 'III'),
('921021106012', 'MIME ODYSSEY', 0, 'PHOENIX BLASTERS', 'ECE', 'BOYS', 302, 'JEYAKUMAR M', 'III'),
('921021114047', 'MIME ODYSSEY', 0, 'PHOENIX BLASTERS', 'MECH', 'BOYS', 303, 'VIJAY J', 'III'),
('921021114004', 'MIME ODYSSEY', 0, 'PHOENIX BLASTERS', 'MECH', 'BOYS', 304, 'DHARMA SURYA D', 'III'),
('921021103008', 'MIME ODYSSEY', 0, 'PHOENIX BLASTERS', 'CE', 'BOYS', 305, 'DHINESHKUMAR V', 'III'),
('921022114015', 'MIME ODYSSEY', 0, 'PHOENIX BLASTERS', 'MECH', 'BOYS', 306, 'MANIKKAM  V', 'II'),
('921022104038', 'MIME ODYSSEY', 0, 'ABS - PHOENIX BLASTERS', 'CSE', 'BOYS', 308, 'RAVINTHAR A', 'II'),
('921022105031', 'MIME ODYSSEY', 0, 'PHOENIX BLASTERS', 'EEE', 'BOYS', 309, 'YOGESH PANDI S', 'II'),
('921020114014', 'MUSICAL RHAPSODY', 0, 'PHOENIX BLASTERS', 'MECH', 'BOYS', 310, 'KESAVAN KARUPPASAMY G', 'IV'),
('921022205006', 'INSTAREEL RIVALS', 0, 'DINO THUNDERS', 'IT', 'BOYS', 318, 'MOHAMMED IRFAN SHEIK K', 'II'),
('2023FEE037', 'CHOREO BOOM', 0, 'ABS - DINO THUNDERS', 'EEE', 'BOYS', 319, 'ARAVINTH S', 'I'),
('921021103302', 'PICASSO ON GLASS', 1, 'DINO THUNDERS', 'CE', 'BOYS', 320, 'SARVESHWARAN V', 'III'),
('921022106028', 'PICASSO ON GLASS', 2, 'DINO THUNDERS', 'ECE', 'BOYS', 321, 'KARTHIK KAMTCHI K', 'II'),
('921021106021', 'PICASSO ON GLASS', 1, 'DINO THUNDERS', 'ECE', 'BOYS', 322, 'SABARI GIRI V', 'III'),
('921022105001', 'PICASSO ON GLASS', 2, 'DINO THUNDERS', 'EEE', 'BOYS', 323, 'ARAVIND S', 'II'),
('2023FCS008', 'BLOSSOM AND CRAFTS', 1, 'DINO THUNDERS', 'CSE', 'BOYS', 324, 'JAI RAGUL D', 'I'),
('2023FEE032', 'BLOSSOM AND CRAFTS', 2, 'DINO THUNDERS', 'EEE', 'BOYS', 325, 'MARIMUTHU R', 'I'),
('2023FEE036', 'BLOSSOM AND CRAFTS', 2, 'DINO THUNDERS', 'EEE', 'BOYS', 326, 'GURUPRASATH M', 'I'),
('921020114016', 'CUISINE MASTER', 1, 'DINO THUNDERS', 'MECH', 'BOYS', 328, 'MOHAMED VASIUL AKRAM M', 'IV'),
('921020114012', 'CUISINE MASTER', 1, 'DINO THUNDERS', 'MECH', 'BOYS', 330, 'HARIKRISHNA T', 'IV'),
('921022205024', 'CUISINE MASTER', 2, 'DINO THUNDERS', 'IT', 'BOYS', 331, 'VIGNESHWAR S', 'II'),
('921022205018', 'CUISINE MASTER', 2, 'DINO THUNDERS', 'IT', 'BOYS', 332, 'SARVAJI M', 'II'),
('921020114024', 'CUISINE MASTER', 2, 'DINO THUNDERS', 'MECH', 'BOYS', 333, 'VELMURUGAN M', 'IV'),
('921021114007', 'CARVO', 1, 'DINO THUNDERS', 'MECH', 'BOYS', 334, 'GOWRISHANKAR P', 'III'),
('921021114026', 'CARVO', 1, 'DINO THUNDERS', 'MECH', 'BOYS', 335, 'PRABHU P', 'III'),
('921021114050', 'CARVO', 1, 'DINO THUNDERS', 'MECH', 'BOYS', 336, 'YUVARAJ K', 'III'),
('921020106003', 'TALK ON THE SPOT', 1, 'ROSY RIDERS', 'ECE', 'GIRLS', 337, 'AJANTHAMEENA S', 'IV'),
('921020106013', 'CUISINE MASTER', 1, 'ROSY RIDERS', 'ECE', 'GIRLS', 341, 'HEMARAHINI K', 'IV'),
('921020106024', 'CUISINE MASTER', 1, 'ROSY RIDERS', 'ECE', 'GIRLS', 342, 'NANDHINI M', 'IV'),
('921020106304', 'MIME ODYSSEY', 0, 'DRAGON WARRIORS', 'ECE', 'BOYS', 343, 'VIGNESHWARAN M', 'IV'),
('921020106001', 'MIME ODYSSEY', 0, 'DRAGON WARRIORS', 'ECE', 'BOYS', 344, 'ABDULPASITH S', 'IV'),
('921021106025', 'CUISINE MASTER', 1, 'ROSY RIDERS', 'ECE', 'GIRLS', 345, 'SHABARNA K', 'III'),
('2023FCS016', 'CUISINE MASTER', 2, 'ROSY RIDERS', 'CSE', 'GIRLS', 346, 'RUTHRADEVI R', 'I'),
('2023FCS013', 'CUISINE MASTER', 2, 'ROSY RIDERS', 'CSE', 'GIRLS', 347, 'MONAA SHREE S', 'I'),
('2023FCS002', 'CUISINE MASTER', 2, 'ROSY RIDERS', 'CSE', 'GIRLS', 348, 'KALEESWARI V', 'I'),
('921020104028', 'GAMERS GAUNTLET', 0, 'PHOENIX BLASTERS', 'CSE', 'BOYS', 349, 'MADAVAN K', 'IV'),
('921020106003', 'TECH QUEST CHALLENGE', 0, 'ROSY RIDERS', 'ECE', 'GIRLS', 350, 'AJANTHAMEENA S', 'IV'),
('921021106015', 'MIME ODYSSEY', 0, 'DRAGON WARRIORS', 'ECE', 'BOYS', 351, 'LOGESHKUMAR P', 'III'),
('921020103007', 'TECH QUEST CHALLENGE', 0, 'ROSY RIDERS', 'CE', 'GIRLS', 352, 'PRATHIKSHA R', 'IV'),
('921021106010', 'MIME ODYSSEY', 0, 'DRAGON WARRIORS', 'ECE', 'BOYS', 354, 'JAISURYA V', 'III'),
('921022106010', 'MIME ODYSSEY', 0, 'DRAGON WARRIORS', 'ECE', 'BOYS', 357, 'CALEBRAJA D', 'II'),
('921022104044', 'MIME ODYSSEY', 0, 'DRAGON WARRIORS', 'CSE', 'BOYS', 358, 'SIVAPANDI V', 'II'),
('921020105005', 'TECH QUEST CHALLENGE', 0, 'ROSY RIDERS', 'EEE', 'GIRLS', 360, 'DEVADHARSINI V', 'IV'),
('921020104056', 'TECH QUEST CHALLENGE', 0, 'ROSY RIDERS', 'CSE', 'GIRLS', 361, 'VARSHINI P', 'IV'),
('921021114017', 'TECH QUEST CHALLENGE', 0, 'ROSY RIDERS', 'MECH', 'GIRLS', 362, 'MOHANA KANI S', 'III'),
('921020104007', 'SNAPOGRAPHY', 2, 'DINO THUNDERS', 'CSE', 'BOYS', 364, 'ARUN P S', 'IV'),
('921021106009', 'SNAPOGRAPHY', 2, 'DINO THUNDERS', 'ECE', 'BOYS', 365, 'GOWTHAM M', 'III'),
('921022105001', 'CARVO', 2, 'DINO THUNDERS', 'EEE', 'BOYS', 366, 'ARAVIND S', 'II'),
('921022105020', 'CARVO', 2, 'DINO THUNDERS', 'EEE', 'BOYS', 367, 'SANJAY C', 'II'),
('921022106040', 'HANDY HENNA', 1, 'GALACTIC STARS', 'ECE', 'GIRLS', 368, 'PRAVEENA N', 'II'),
('921021104029', 'GAMERS GAUNTLET', 0, 'DRAGON WARRIORS', 'CSE', 'BOYS', 370, 'MUKILAN S', 'III'),
('921021104044', 'GAMERS GAUNTLET', 0, 'DRAGON WARRIORS', 'CSE', 'BOYS', 372, 'SANTHOSH E', 'III'),
('921022104033', 'TALK ON THE SPOT', 1, 'BLUE BLASTERS', 'CSE', 'GIRLS', 373, 'PALASAI JOSHIKA P', 'II'),
('921021104039', 'HANDY HENNA', 2, 'GALACTIC STARS', 'CSE', 'GIRLS', 374, 'RENUGADEVI N', 'III'),
('921021104025', 'HANDY HENNA', 2, 'GALACTIC STARS', 'CSE', 'GIRLS', 376, 'MAMITHA T', 'III'),
('921022205011', 'ARTY CRAFTY', 2, 'DRAGON WARRIORS', 'IT', 'BOYS', 377, 'NAVEEN BHARATHI B', 'II'),
('921020104052', 'HAIRY DORA', 1, 'GALACTIC STARS', 'CSE', 'GIRLS', 378, 'SOWNDARYALAKSHMI B', 'IV'),
('921020106021', 'BLOSSOM AND CRAFTS', 1, 'BLUE BLASTERS', 'ECE', 'GIRLS', 379, 'MEERA S', 'IV'),
('921020104021', 'HAIRY DORA', 1, 'GALACTIC STARS', 'CSE', 'GIRLS', 380, 'ILAKKIYA M', 'IV'),
('921021104039', 'HAIRY DORA', 2, 'GALACTIC STARS', 'CSE', 'GIRLS', 381, 'RENUGADEVI N', 'III'),
('921021106022', 'HAIRY DORA', 2, 'GALACTIC STARS', 'ECE', 'GIRLS', 384, 'SAKANA SRI A', 'III'),
('921020104023', 'MUSICAL RHAPSODY', 0, 'ROSY RIDERS', 'CSE', 'GIRLS', 385, 'JENIFAR FATHIMA H', 'IV'),
('921020106014', 'BLOSSOM AND CRAFTS', 1, 'BLUE BLASTERS', 'ECE', 'GIRLS', 386, 'JAYASHREE P', 'IV'),
('921022106030', 'BLOSSOM AND CRAFTS', 2, 'BLUE BLASTERS', 'ECE', 'GIRLS', 388, 'KEERTHANA BAGAVATHI P', 'II'),
('921022106049', 'CARBON ART', 2, 'GALACTIC STARS', 'ECE', 'GIRLS', 389, 'SHANTHANA K', 'II'),
('921022105020', 'CINE SNAP', 0, 'DINO THUNDERS', 'EEE', 'BOYS', 390, 'SANJAY C', 'II'),
('2023fit004', 'HANDY HENNA', 1, 'ROSY RIDERS', 'IT', 'GIRLS', 391, 'SAFRIN T', 'I'),
('921022106004', 'BLOSSOM AND CRAFTS', 2, 'BLUE BLASTERS', 'ECE', 'GIRLS', 392, 'AISHVARRYA A', 'II'),
('921021103026', 'HANDY HENNA', 1, 'ROSY RIDERS', 'CE', 'GIRLS', 394, 'VELLINILA S', 'III'),
('921022104024', 'HANDY HENNA', 2, 'ROSY RIDERS', 'CSE', 'GIRLS', 395, 'KUZHALI E', 'II'),
('921021104004', 'CUISINE MASTER', 1, 'BLUE BLASTERS', 'CSE', 'GIRLS', 396, 'BHUVANALAKSHMI R', 'III'),
('921020104014', 'HANDY HENNA', 2, 'ROSY RIDERS', 'CSE', 'GIRLS', 397, 'DHARSHINI S', 'IV'),
('2023FAI019', 'ARTY CRAFTY', 1, 'DRAGON WARRIORS', 'AI', 'BOYS', 398, 'YOGESHKUMAR R', 'I'),
('921021104038', 'CUISINE MASTER', 1, 'BLUE BLASTERS', 'CSE', 'GIRLS', 399, 'RAVINA P', 'III'),
('921022243018', 'CINE SNAP', 0, 'GALACTIC STARS', 'AI', 'GIRLS', 400, 'SHAFANA IRFATH N', 'II'),
('921021104013', 'CUISINE MASTER', 1, 'BLUE BLASTERS', 'CSE', 'GIRLS', 401, 'HARINI M', 'III'),
('2023FIT026', 'ARTY CRAFTY', 2, 'DRAGON WARRIORS', 'IT', 'BOYS', 403, 'YOKESHKUMAR R', 'I'),
('921020104023', 'CARBON ART', 1, 'ROSY RIDERS', 'CSE', 'GIRLS', 406, 'JENIFAR FATHIMA H', 'IV'),
('921022205002', 'CINE SNAP', 0, 'GALACTIC STARS', 'IT', 'GIRLS', 408, 'ABI GAYATHRI P', 'II'),
('921021105011', 'CARBON ART', 2, 'ROSY RIDERS', 'EEE', 'GIRLS', 409, 'LOGAPRIYA C', 'III'),
('921022104037', 'BLOSSOM AND CRAFTS', 1, 'DRAGON WARRIORS', 'CSE', 'BOYS', 410, 'RAMSANJEEV R', 'II'),
('921020106009', 'HANDY HENNA', 2, 'BLUE BLASTERS', 'ECE', 'GIRLS', 411, 'DEEPADHARSHINI R', 'IV'),
('921022104044', 'BLOSSOM AND CRAFTS', 1, 'DRAGON WARRIORS', 'CSE', 'BOYS', 412, 'SIVAPANDI V', 'II'),
('921021103023', 'HANDY HENNA', 1, 'BLUE BLASTERS', 'CE', 'GIRLS', 415, 'SIVARANJANI S', 'III'),
('921020104013', 'ANY BODY CAN DANCE', 0, 'PHOENIX BLASTERS', 'CSE', 'BOYS', 416, 'DHANUSKAR S', 'IV'),
('921020106034', 'SNAPOGRAPHY', 1, 'ROSY RIDERS', 'ECE', 'GIRLS', 417, 'SARO VARSHNI S', 'IV'),
('921020104047', 'BLOSSOM AND CRAFTS', 2, 'DRAGON WARRIORS', 'CSE', 'BOYS', 418, 'SELVA SANTHOSH M', 'IV'),
('921020104002', 'SNAPOGRAPHY', 1, 'ROSY RIDERS', 'CSE', 'GIRLS', 419, 'AISHWARYA B', 'IV'),
('921020104010', 'BLOSSOM AND CRAFTS', 2, 'DRAGON WARRIORS', 'CSE', 'BOYS', 420, 'BRUTHESAVAN M', 'IV'),
('2023FIT016', 'SNAPOGRAPHY', 2, 'ROSY RIDERS', 'IT', 'GIRLS', 422, 'ANUDARSHNI A', 'I'),
('2023FIT020', 'SNAPOGRAPHY', 2, 'ROSY RIDERS', 'IT', 'GIRLS', 423, 'MONIKA B', 'I'),
('921022105023', 'CINE SNAP', 0, 'GALACTIC STARS', 'EEE', 'GIRLS', 424, 'SUBERIYA FATHIMA R', 'II'),
('2023FEE027', 'CINE SNAP', 0, 'GALACTIC STARS', 'EEE', 'GIRLS', 425, 'DEEPIKA LAKSHAYA M', 'I'),
('921021104019', 'ONSTAGE ODYSSEY', 0, 'GALACTIC STARS', 'CSE', 'GIRLS', 426, 'KIRUTHIKA B', 'III'),
('921021106032', 'CARBON ART', 1, 'BLUE BLASTERS', 'ECE', 'GIRLS', 427, 'VIJAYALAKSHMI G', 'III'),
('921022104055', 'ONSTAGE ODYSSEY', 0, 'GALACTIC STARS', 'CSE', 'GIRLS', 428, 'VARSHINI K', 'II'),
('921022104026', 'ONSTAGE ODYSSEY', 0, 'GALACTIC STARS', 'CSE', 'GIRLS', 429, 'MADHUBALA S', 'II'),
('921022106056', 'ONSTAGE ODYSSEY', 0, 'GALACTIC STARS', 'ECE', 'GIRLS', 431, 'VAISHNAVI S', 'II'),
('921021104035', 'MIME ODYSSEY', 0, 'ROSY RIDERS', 'CSE', 'GIRLS', 432, 'PUNITHA S', 'III'),
('921022106059', 'MIME ODYSSEY', 0, 'ROSY RIDERS', 'ECE', 'GIRLS', 433, 'YUVADHARSHINI S', 'II'),
('2023FCE007', 'ARTY CRAFTY', 2, 'PHOENIX BLASTERS', 'CE', 'BOYS', 436, 'JEGANATH M', 'I'),
('2023FEC029', 'MIME ODYSSEY', 0, 'ROSY RIDERS', 'ECE', 'GIRLS', 438, 'KAVIYA R', 'I'),
('921020104007', 'CUISINE MASTER', 1, 'DINO THUNDERS', 'CSE', 'BOYS', 439, 'ARUN P S', 'IV'),
('2023FEC025', 'MIME ODYSSEY', 0, 'ROSY RIDERS', 'ECE', 'GIRLS', 440, 'JEEVETHA P', 'I'),
('921020105018 ', 'ANY BODY CAN DANCE', 0, 'PHOENIX BLASTERS', 'EEE', 'BOYS', 441, 'PRAKATHEESWARAN M', 'IV'),
('921021105030', 'CARBON ART', 2, 'BLUE BLASTERS', 'EEE', 'GIRLS', 442, 'VISHNUPRIYA N', 'III'),
('921022106049', 'PICASSO ON GLASS', 1, 'GALACTIC STARS', 'ECE', 'GIRLS', 443, 'SHANTHANA K', 'II'),
('921021105004', 'MIME ODYSSEY', 0, 'ROSY RIDERS', 'EEE', 'GIRLS', 444, 'DHANAPAKKIYAM S', 'III'),
('921022243013', 'ANY BODY CAN DANCE', 0, 'DRAGON WARRIORS', 'AI', 'BOYS', 445, 'NITHEESH PATRICK P', 'II'),
('921021105027', 'MIME ODYSSEY', 0, 'ROSY RIDERS', 'EEE', 'GIRLS', 446, 'SURUTHIKA S', 'III'),
('921022105030', 'PICASSO ON GLASS', 1, 'GALACTIC STARS', 'EEE', 'GIRLS', 447, 'YAZHINI M', 'II'),
('921021114012', 'ANY BODY CAN DANCE', 0, 'DRAGON WARRIORS', 'MECH', 'BOYS', 448, 'KESAVAN V', 'III'),
('921022106040', 'PICASSO ON GLASS', 2, 'GALACTIC STARS', 'ECE', 'GIRLS', 449, 'PRAVEENA N', 'II'),
('921020105303 ', 'ANY BODY CAN DANCE', 0, 'ABS - PHOENIX BLASTERS', 'EEE', 'BOYS', 450, 'KESAVARAYAN E', 'IV'),
('921022105012', 'ANY BODY CAN DANCE', 0, 'DRAGON WARRIORS', 'EEE', 'BOYS', 452, 'MEENALOCHANAN S', 'II'),
('921022106005', 'PICASSO ON GLASS', 2, 'GALACTIC STARS', 'ECE', 'GIRLS', 453, 'AMRISHAA S', 'II'),
('921020104024', 'PICASSO ON GLASS', 1, 'BLUE BLASTERS', 'CSE', 'GIRLS', 454, 'KABITHA C', 'IV'),
('921020104057', 'ANY BODY CAN DANCE', 0, 'DRAGON WARRIORS', 'CSE', 'BOYS', 455, 'VENKATESH M', 'IV'),
('2023FEE008', 'ANY BODY CAN DANCE', 0, 'DRAGON WARRIORS', 'EEE', 'BOYS', 456, 'MOHAMED NOWFIL A', 'I'),
('921021106004 ', 'ANY BODY CAN DANCE', 0, 'PHOENIX BLASTERS', 'ECE', 'BOYS', 457, 'ARUNPANDI C', 'III'),
('921021106032', 'PICASSO ON GLASS', 1, 'BLUE BLASTERS', 'ECE', 'GIRLS', 459, 'VIJAYALAKSHMI G', 'III'),
('2023FCS014', 'ANY BODY CAN DANCE', 0, 'DRAGON WARRIORS', 'CSE', 'BOYS', 460, 'PHIRAMOTH G K', 'I'),
('921020106004 ', 'ANY BODY CAN DANCE', 0, 'PHOENIX BLASTERS', 'ECE', 'BOYS', 461, 'BALAJI S', 'IV'),
('2023FEE014', 'ANY BODY CAN DANCE', 0, 'DRAGON WARRIORS', 'EEE', 'BOYS', 462, 'YUVARAJ P', 'I'),
('2023FCE014', 'CINE SNAP', 0, 'ROSY RIDERS', 'CE', 'GIRLS', 463, 'YUVETHA SREE G', 'I'),
('2023FME004', 'ANY BODY CAN DANCE', 0, 'DRAGON WARRIORS', 'MECH', 'BOYS', 464, 'DHIYANESH K', 'I'),
('2023FCE015', 'CINE SNAP', 0, 'ROSY RIDERS', 'CE', 'GIRLS', 466, 'PRABHA S', 'I'),
('921021105030', 'PICASSO ON GLASS', 2, 'BLUE BLASTERS', 'EEE', 'GIRLS', 467, 'VISHNUPRIYA N', 'III'),
('2023FCS027', 'ANY BODY CAN DANCE', 0, 'DRAGON WARRIORS', 'CSE', 'BOYS', 471, 'SARAN R', 'I'),
('921020106032 ', 'ANY BODY CAN DANCE', 0, 'ABS - PHOENIX BLASTERS', 'ECE', 'BOYS', 472, 'SANTHOSH D', 'IV'),
('2023FIT001', 'INSTAREEL RIVALS', 0, 'GALACTIC STARS', 'IT', 'GIRLS', 473, 'NITHYASRI M', 'I'),
('921020105018 ', 'CHOREO BOOM', 0, 'PHOENIX BLASTERS', 'EEE', 'BOYS', 474, 'PRAKATHEESWARAN M', 'IV'),
('921021106011', 'ARTY CRAFTY', 1, 'GALACTIC STARS', 'ECE', 'GIRLS', 475, 'JASEEMA A', 'III'),
('921021106027', 'ARTY CRAFTY', 1, 'GALACTIC STARS', 'ECE', 'GIRLS', 476, 'SISHANI K', 'III'),
('921022103002', 'PICASSO ON GLASS', 2, 'BLUE BLASTERS', 'CE', 'GIRLS', 477, 'DEVAGI K', 'II'),
('921021106017 ', 'CHOREO BOOM', 0, 'PHOENIX BLASTERS', 'ECE', 'BOYS', 478, 'RAMACHANDRAN S', 'III'),
('2023FAI015', 'ARTY CRAFTY', 2, 'GALACTIC STARS', 'AI', 'GIRLS', 479, 'SHRIMATHI R', 'I'),
('2023FAI021', 'ARTY CRAFTY', 2, 'ABS - GALACTIC STARS', 'AI', 'GIRLS', 480, 'VASUKI P', 'I'),
('921022105021', 'MIME ODYSSEY', 0, 'ABS - DRAGON WARRIORS', 'EEE', 'BOYS', 481, 'SHANMUGASUNDAR P', 'II'),
('921020114010 ', 'ANY BODY CAN DANCE', 0, 'PHOENIX BLASTERS', 'MECH', 'BOYS', 482, 'GUNASEELAN P', 'IV'),
('921020114010 ', 'CHOREO BOOM', 0, 'PHOENIX BLASTERS', 'MECH', 'BOYS', 483, 'GUNASEELAN P', 'IV'),
('921022114001', 'MIME ODYSSEY', 0, 'DRAGON WARRIORS', 'MECH', 'BOYS', 484, 'ARAVIND D', 'II'),
('921022104004', 'CINE SNAP', 0, 'ROSY RIDERS', 'CSE', 'GIRLS', 486, 'AKSHAYA N S', 'II'),
('921022114009', 'MIME ODYSSEY', 0, 'DRAGON WARRIORS', 'MECH', 'BOYS', 487, 'GURUPRASATH K', 'II'),
('921020104059', 'CHOREO BOOM', 0, 'BLUE BLASTERS', 'CSE', 'GIRLS', 488, 'VINI SUBICKSHA L S', 'IV'),
('2023FAI004', 'HAIRY DORA', 1, 'BLUE BLASTERS', 'AI', 'GIRLS', 490, 'VARUNI T', 'I'),
('921022243013', 'CHOREO BOOM', 0, 'DRAGON WARRIORS', 'AI', 'BOYS', 492, 'NITHEESH PATRICK P', 'II'),
('921022243005', 'TALK ON THE SPOT', 1, 'GALACTIC STARS', 'AI', 'GIRLS', 493, 'DHEIVASHRI M', 'II'),
('2023FME007 ', 'CHOREO BOOM', 0, 'PHOENIX BLASTERS', 'MECH', 'BOYS', 494, 'SANJAY K', 'I'),
('921020104019', 'CARVO', 1, 'ROSY RIDERS', 'CSE', 'GIRLS', 496, 'HARSHINI J T', 'IV'),
('921022105012', 'CHOREO BOOM', 0, 'DRAGON WARRIORS', 'EEE', 'BOYS', 498, 'MEENALOCHANAN S', 'II'),
('921020104030', 'CARVO', 1, 'ROSY RIDERS', 'CSE', 'GIRLS', 500, 'MANUSRI M', 'IV'),
('921020104057', 'CHOREO BOOM', 0, 'DRAGON WARRIORS', 'CSE', 'BOYS', 501, 'VENKATESH M', 'IV'),
('921021105002', 'WARRIORS SHOWCASE', 0, 'TIGER THRASHERS', 'EEE', 'BOYS', 502, 'BHARATHWAJ S', 'III'),
('921020106004 ', 'CHOREO BOOM', 0, 'PHOENIX BLASTERS', 'ECE', 'BOYS', 503, 'BALAJI S', 'IV'),
('921020104043', 'CARVO', 1, 'ROSY RIDERS', 'CSE', 'GIRLS', 505, 'SAKTHI BHARATHI K', 'IV'),
('921022106055', 'CHOREO BOOM', 0, 'DRAGON WARRIORS', 'ECE', 'BOYS', 506, 'SURYA M', 'II'),
('921021104003', 'CARVO', 2, 'ROSY RIDERS', 'CSE', 'GIRLS', 509, 'BHARATHI C', 'III'),
('921021104027', 'CARVO', 2, 'ROSY RIDERS', 'CSE', 'GIRLS', 511, 'MEENAKSHI R', 'III'),
('921021106022', 'TALK ON THE SPOT', 2, 'GALACTIC STARS', 'ECE', 'GIRLS', 512, 'SAKANA SRI A', 'III'),
('921022243001', 'ARTY CRAFTY', 2, 'DINO THUNDERS', 'AI', 'BOYS', 513, 'AJAY M', 'II'),
('921021104012', 'CARVO', 2, 'ROSY RIDERS', 'CSE', 'GIRLS', 514, 'GOWSALYA N', 'III'),
('921020106301', 'CHOREO BOOM', 0, 'TIGER THRASHERS', 'ECE', 'BOYS', 516, 'ASHWIN VENGAT G', 'IV'),
('921021106004 ', 'CHOREO BOOM', 0, 'PHOENIX BLASTERS', 'ECE', 'BOYS', 517, 'ARUNPANDI C', 'III'),
('921020104052', 'BLOSSOM AND CRAFTS', 1, 'GALACTIC STARS', 'CSE', 'GIRLS', 518, 'SOWNDARYALAKSHMI B', 'IV'),
('2023FCS034', 'CHOREO BOOM', 0, 'DRAGON WARRIORS', 'CSE', 'BOYS', 519, 'KAVIN PRASHAD A', 'I'),
('921020104011', 'BLOSSOM AND CRAFTS', 1, 'GALACTIC STARS', 'CSE', 'GIRLS', 520, 'CHARUMATHI R', 'IV'),
('2023FEC026', 'CHOREO BOOM', 0, 'TIGER THRASHERS', 'ECE', 'BOYS', 521, 'GOBINATH M', 'I'),
('921021104016', 'HAIRY DORA', 1, 'ROSY RIDERS', 'CSE', 'GIRLS', 522, 'JENNATHFIRTHOSE M', 'III'),
('921022106017', 'BLOSSOM AND CRAFTS', 2, 'GALACTIC STARS', 'ECE', 'GIRLS', 523, 'HARINI M', 'II'),
('2023FCS014', 'CHOREO BOOM', 0, 'DRAGON WARRIORS', 'CSE', 'BOYS', 524, 'PHIRAMOTH G K', 'I'),
('921021104041', 'HAIRY DORA', 1, 'ROSY RIDERS', 'CSE', 'GIRLS', 525, 'RIFAYA BANU N', 'III'),
('921021104046', 'INSTAREEL RIVALS', 0, 'VIOLET VIPERS', 'CSE', 'GIRLS', 526, 'SOBHIYA T', 'III'),
('921021114040', 'CARVO', 2, 'DINO THUNDERS', 'MECH', 'BOYS', 527, 'SURESHPANDI D', 'III'),
('2023fit021', 'HAIRY DORA', 2, 'ROSY RIDERS', 'IT', 'GIRLS', 529, 'HARINI P', 'I'),
('921022104050', 'INSTAREEL RIVALS', 0, 'BLUE BLASTERS', 'CSE', 'GIRLS', 530, 'SUJITHRA V', 'II'),
('2023fee008', 'CHOREO BOOM', 0, 'DRAGON WARRIORS', 'EEE', 'BOYS', 531, 'MOHAMED NOWFIL A', 'I'),
('2023FIT003 ', 'CHOREO BOOM', 0, 'PHOENIX BLASTERS', 'IT', 'BOYS', 532, 'PANDIYARAJAN K', 'I'),
('921020106036', 'CUISINE MASTER', 1, 'GALACTIC STARS', 'ECE', 'GIRLS', 533, 'SHALINI S', 'IV'),
('921020104005', 'TECH QUEST CHALLENGE', 0, 'VIOLET VIPERS', 'CSE', 'GIRLS', 534, 'ANEESFATHIMA A', 'IV'),
('921020106030', 'CUISINE MASTER', 1, 'GALACTIC STARS', 'ECE', 'GIRLS', 536, 'REKA B', 'IV'),
('921020106016', 'CUISINE MASTER', 1, 'GALACTIC STARS', 'ECE', 'GIRLS', 537, 'KARTHIKA R', 'IV'),
('921020104016', 'CUISINE MASTER', 2, 'GALACTIC STARS', 'CSE', 'GIRLS', 539, 'GAYATHRI LOKSHIYA K', 'IV'),
('921022114021', 'SNAPOGRAPHY', 2, 'TIGER THRASHERS', 'MECH', 'BOYS', 540, 'RITHEESHKUMAR S', 'II'),
('2023FCE001', 'CHOREO BOOM', 0, 'DRAGON WARRIORS', 'CE', 'BOYS', 541, 'BALA S', 'I'),
('921020104027', 'CUISINE MASTER', 2, 'GALACTIC STARS', 'CSE', 'GIRLS', 542, 'LALITHA S', 'IV'),
('921020104060', 'CUISINE MASTER', 2, 'GALACTIC STARS', 'CSE', 'GIRLS', 544, 'VINOTHINI P', 'IV'),
('2023FAI020 ', 'CHOREO BOOM', 0, 'ABS - PHOENIX BLASTERS', 'AI', 'BOYS', 546, 'AJAY PRASATH K', 'I'),
('2023FAI024', 'HAIRY DORA', 2, 'ROSY RIDERS', 'AI', 'GIRLS', 547, 'ANJALI S', 'I'),
('921020104024', 'ARTY CRAFTY', 1, 'BLUE BLASTERS', 'CSE', 'GIRLS', 548, 'KABITHA C', 'IV'),
('2023FCS027', 'CHOREO BOOM', 0, 'DRAGON WARRIORS', 'CSE', 'BOYS', 549, 'SARAN R', 'I'),
('921020104051', 'ARTY CRAFTY', 1, 'BLUE BLASTERS', 'CSE', 'GIRLS', 550, 'SOUNDHARYA G', 'IV'),
('921021103024', 'TECH QUEST CHALLENGE', 0, 'GALACTIC STARS', 'CE', 'GIRLS', 551, 'SWETHA S', 'III'),
('921020105014', 'TECH QUEST CHALLENGE', 0, 'VIOLET VIPERS', 'EEE', 'GIRLS', 552, 'NILAFAR PARVEEN R', 'IV'),
('921020104004', 'TECH QUEST CHALLENGE', 0, 'GALACTIC STARS', 'CSE', 'GIRLS', 553, 'AKSHAYA P', 'IV'),
('2023FCS028 ', 'ANY BODY CAN DANCE', 0, 'PHOENIX BLASTERS', 'CSE', 'BOYS', 554, 'PRAVEEN K C', 'I'),
('921020106026', 'TECH QUEST CHALLENGE', 0, 'GALACTIC STARS', 'ECE', 'GIRLS', 555, 'PRIYADHARSHINI R', 'IV'),
('921021105006', 'CARVO', 1, 'GALACTIC STARS', 'EEE', 'GIRLS', 562, 'GOWRI A', 'III'),
('921021105001', 'CARVO', 1, 'GALACTIC STARS', 'EEE', 'GIRLS', 563, 'ABIRAMI P', 'III'),
('921021105022', 'CARVO', 1, 'GALACTIC STARS', 'EEE', 'GIRLS', 565, 'POOJA SRI A', 'III'),
('921021114047 ', 'ANY BODY CAN DANCE', 0, 'PHOENIX BLASTERS', 'MECH', 'BOYS', 566, 'VIJAY J', 'III'),
('921021103701', 'TECH QUEST CHALLENGE', 0, 'VIOLET VIPERS', 'CE', 'GIRLS', 567, 'DHARANI PRABAKER P', 'III'),
('921020106031', 'TECH QUEST CHALLENGE', 0, 'VIOLET VIPERS', 'ECE', 'GIRLS', 570, 'SANDHIYA B', 'IV'),
('921022114017', 'INSTAREEL RIVALS', 0, 'TIGER THRASHERS', 'MECH', 'BOYS', 571, 'MOHAMMED NAWFAL S', 'II'),
('921022104005', 'ARTY CRAFTY', 2, 'BLUE BLASTERS', 'CSE', 'GIRLS', 573, 'ANANDHITHA GAYATHRI A', 'II'),
('2023FME011 ', 'ANY BODY CAN DANCE', 0, 'PHOENIX BLASTERS', 'MECH', 'BOYS', 574, 'YOGESH G', 'I'),
('921022104059', 'BLOSSOM AND CRAFTS', 1, 'TIGER THRASHERS', 'CSE', 'BOYS', 575, 'YOGESHWARAN M', 'II'),
('2023FEC033', 'ARTY CRAFTY', 2, 'BLUE BLASTERS', 'ECE', 'GIRLS', 576, 'SAMEENA BANU P', 'I'),
('921020106028', 'INSTAREEL RIVALS', 0, 'ROSY RIDERS', 'ECE', 'GIRLS', 578, 'RACHEL J', 'IV'),
('2023FEE005 ', 'CHOREO BOOM', 0, 'PHOENIX BLASTERS', 'EEE', 'BOYS', 579, 'KATHIRVELSAMY S', 'I'),
('2023FEC018', 'CARVO', 2, 'GALACTIC STARS', 'ECE', 'GIRLS', 580, 'ASHVANI S', 'I'),
('2023FEC016', 'CARVO', 2, 'GALACTIC STARS', 'ECE', 'GIRLS', 582, 'DHANALAKSHMI S', 'I'),
('921021103007', 'TECH QUEST CHALLENGE', 0, 'BLUE BLASTERS', 'CE', 'GIRLS', 583, 'DHARUNAA R', 'III'),
('2023FEC031', 'CARVO', 2, 'GALACTIC STARS', 'ECE', 'GIRLS', 585, 'HARINI S', 'I'),
('921022243018', 'SNAPOGRAPHY', 1, 'GALACTIC STARS', 'AI', 'GIRLS', 588, 'SHAFANA IRFATH N', 'II'),
('921022243023', 'SNAPOGRAPHY', 1, 'GALACTIC STARS', 'AI', 'GIRLS', 589, 'VISHWA ROOBINI N', 'II'),
('921020106042', 'TECH QUEST CHALLENGE', 0, 'BLUE BLASTERS', 'ECE', 'GIRLS', 590, 'VENKATESHWARI S', 'IV'),
('921020105010', 'TECH QUEST CHALLENGE', 0, 'BLUE BLASTERS', 'EEE', 'GIRLS', 591, 'MAHALAKSHMI B', 'IV'),
('921021114023', 'TECH QUEST CHALLENGE', 0, 'BLUE BLASTERS', 'MECH', 'GIRLS', 592, 'PANDISELVI S', 'III'),
('2023FCS024', 'PICASSO ON GLASS', 1, 'VIOLET VIPERS', 'CSE', 'GIRLS', 595, 'RUPIKA M', 'I'),
('921021104020', 'PICASSO ON GLASS', 1, 'VIOLET VIPERS', 'CSE', 'GIRLS', 596, 'Krishnajothi S', 'III'),
('2023FIT001', 'SNAPOGRAPHY', 2, 'GALACTIC STARS', 'IT', 'GIRLS', 597, 'NITHYASRI M', 'I'),
('921020104035', 'CINE SNAP', 0, 'BLUE BLASTERS', 'CSE', 'GIRLS', 598, 'PRABHA K', 'IV'),
('921020104044', 'CINE SNAP', 0, 'BLUE BLASTERS', 'CSE', 'GIRLS', 599, 'SAMITHA T', 'IV'),
('921020104009', 'CINE SNAP', 0, 'BLUE BLASTERS', 'CSE', 'GIRLS', 600, 'BHUVANASREE S', 'IV'),
('921022105023', 'ANY BODY CAN DANCE', 0, 'GALACTIC STARS', 'EEE', 'GIRLS', 601, 'SUBERIYA FATHIMA R', 'II'),
('921020104015', 'CINE SNAP', 0, 'BLUE BLASTERS', 'CSE', 'GIRLS', 602, 'FAZAL FATHIMA S', 'IV'),
('921022106012', 'ANY BODY CAN DANCE', 0, 'GALACTIC STARS', 'ECE', 'GIRLS', 603, 'DEEPALAKSHMI R', 'II'),
('921020104037', 'ANY BODY CAN DANCE', 0, 'GALACTIC STARS', 'CSE', 'GIRLS', 604, 'PRIYANKA K', 'IV'),
('921020106005', 'CINE SNAP', 0, 'BLUE BLASTERS', 'ECE', 'GIRLS', 605, 'BHAGYE SREE P', 'IV'),
('921020104046', 'ANY BODY CAN DANCE', 0, 'GALACTIC STARS', 'CSE', 'GIRLS', 606, 'SATHYA PRIYA P', 'IV'),
('921022106026', 'ANY BODY CAN DANCE', 0, 'GALACTIC STARS', 'ECE', 'GIRLS', 607, 'JEYASRI V', 'II'),
('921022106021', 'ANY BODY CAN DANCE', 0, 'GALACTIC STARS', 'ECE', 'GIRLS', 609, 'JANANI S', 'II'),
('921022106011', 'MIME ODYSSEY', 0, 'BLUE BLASTERS', 'ECE', 'GIRLS', 611, 'CHRISTINA D', 'II'),
('2023FEC049', 'ANY BODY CAN DANCE', 0, 'GALACTIC STARS', 'ECE', 'GIRLS', 612, 'MAREESWARI B', 'I'),
('921022205014', 'CINE SNAP', 0, 'TIGER THRASHERS', 'IT', 'BOYS', 613, 'PRAVIN K', 'II'),
('2023FEC008', 'ANY BODY CAN DANCE', 0, 'GALACTIC STARS', 'ECE', 'GIRLS', 614, 'PIRIYA LAXMI E', 'I'),
('921022106020', 'MIME ODYSSEY', 0, 'BLUE BLASTERS', 'ECE', 'GIRLS', 615, 'JANANI K', 'II'),
('2023FEC016', 'ANY BODY CAN DANCE', 0, 'GALACTIC STARS', 'ECE', 'GIRLS', 616, 'DHANALAKSHMI S', 'I'),
('921021104024', 'MIME ODYSSEY', 0, 'BLUE BLASTERS', 'CSE', 'GIRLS', 617, 'MAHASWETHA M', 'III'),
('2023FEC046', 'ANY BODY CAN DANCE', 0, 'GALACTIC STARS', 'ECE', 'GIRLS', 619, 'JEYAHARINISHREE R', 'I'),
('921020104004', 'MIME ODYSSEY', 0, 'GALACTIC STARS', 'CSE', 'GIRLS', 620, 'AKSHAYA P', 'IV'),
('921021104012', 'PICASSO ON GLASS', 1, 'ROSY RIDERS', 'CSE', 'GIRLS', 621, 'GOWSALYA N', 'III'),
('921020104021', 'MIME ODYSSEY', 0, 'GALACTIC STARS', 'CSE', 'GIRLS', 622, 'ILAKKIYA M', 'IV'),
('921022105014', 'MIME ODYSSEY', 0, 'GALACTIC STARS', 'EEE', 'GIRLS', 624, 'NARMADHA M', 'II'),
('921021104041', 'PICASSO ON GLASS', 1, 'ROSY RIDERS', 'CSE', 'GIRLS', 626, 'RIFAYA BANU N', 'III'),
('921022105008', 'MIME ODYSSEY', 0, 'GALACTIC STARS', 'EEE', 'GIRLS', 627, 'MADHUBALA P', 'II'),
('921021104010', 'MIME ODYSSEY', 0, 'GALACTIC STARS', 'CSE', 'GIRLS', 628, 'EPSHIBA R', 'III'),
('2023FEC028', 'MIME ODYSSEY', 0, 'BLUE BLASTERS', 'ECE', 'GIRLS', 629, 'SUBASRI M', 'I'),
('921022103010', 'MIME ODYSSEY', 0, 'GALACTIC STARS', 'CE', 'GIRLS', 631, 'KAVIYA LM', 'II'),
('2023FCS033', 'PICASSO ON GLASS', 2, 'ROSY RIDERS', 'CSE', 'GIRLS', 632, 'AKSHAYA SHRI K', 'I'),
('2023FEE021', 'MIME ODYSSEY', 0, 'BLUE BLASTERS', 'EEE', 'GIRLS', 633, 'RIHANA AFRIN A', 'I'),
('921020106029', 'CARVO', 1, 'BLUE BLASTERS', 'ECE', 'GIRLS', 635, 'RAGAVI V', 'IV'),
('2023FIT022', 'MIME ODYSSEY', 0, 'GALACTIC STARS', 'IT', 'GIRLS', 636, 'SOWMIYA K', 'I'),
('921022106014', 'MUSICAL RHAPSODY', 0, 'VIOLET VIPERS', 'ECE', 'GIRLS', 638, 'GAJANANI S', 'II'),
('2023FIT027', 'MIME ODYSSEY', 0, 'GALACTIC STARS', 'IT', 'GIRLS', 640, 'DHIVYA DHARSHINI S', 'I'),
('921020103001', 'CARVO', 2, 'BLUE BLASTERS', 'CE', 'GIRLS', 641, 'GOKULAPRIYA P', 'IV'),
('2023FAI011', 'MIME ODYSSEY', 0, 'GALACTIC STARS', 'AI', 'GIRLS', 643, 'MUTHUMARI M', 'I'),
('921020106040', 'ARTY CRAFTY', 1, 'ROSY RIDERS', 'ECE', 'GIRLS', 644, 'SOUNDARYA N', 'IV'),
('921020106020', 'ARTY CRAFTY', 1, 'ROSY RIDERS', 'ECE', 'GIRLS', 646, 'MANISHA M', 'IV'),
('2023FEC017 ', 'MIME ODYSSEY', 0, 'BLUE BLASTERS', 'ECE', 'GIRLS', 647, 'ANUSHASRI D', 'I'),
('921022104026', 'MUSICAL RHAPSODY', 0, 'GALACTIC STARS', 'CSE', 'GIRLS', 651, 'MADHUBALA S', 'II'),
('921022106029', 'ARTY CRAFTY', 2, 'ROSY RIDERS', 'ECE', 'GIRLS', 652, 'KAVIYASREE P', 'II'),
('2023FCS043', 'ONSTAGE ODYSSEY', 0, 'VIOLET VIPERS', 'CSE', 'GIRLS', 653, 'N S VARSHINI', 'I'),
('2023FEC012', 'ARTY CRAFTY', 2, 'ROSY RIDERS', 'ECE', 'GIRLS', 654, 'MOHANAMITHRAA M', 'I'),
('921022243005', 'CHOREO BOOM', 0, 'GALACTIC STARS', 'AI', 'GIRLS', 656, 'DHEIVASHRI M', 'II'),
('921022205002', 'CHOREO BOOM', 0, 'GALACTIC STARS', 'IT', 'GIRLS', 657, 'ABI GAYATHRI P', 'II'),
('921020104037', 'CHOREO BOOM', 0, 'GALACTIC STARS', 'CSE', 'GIRLS', 659, 'PRIYANKA K', 'IV'),
('921020104046', 'CHOREO BOOM', 0, 'GALACTIC STARS', 'CSE', 'GIRLS', 660, 'SATHYA PRIYA P', 'IV'),
('921022243023', 'CHOREO BOOM', 0, 'GALACTIC STARS', 'AI', 'GIRLS', 661, 'VISHWA ROOBINI N', 'II'),
('2023FEC009', 'ONSTAGE ODYSSEY', 0, 'VIOLET VIPERS', 'ECE', 'GIRLS', 662, 'MOGANA PRIYA M', 'I'),
('921021103024', 'CHOREO BOOM', 0, 'GALACTIC STARS', 'CE', 'GIRLS', 663, 'SWETHA S', 'III'),
('921021104005', 'CHOREO BOOM', 0, 'GALACTIC STARS', 'CSE', 'GIRLS', 664, 'DEEPIKA E', 'III'),
('921022205016', 'CHOREO BOOM', 0, 'GALACTIC STARS', 'IT', 'GIRLS', 666, 'RAMYA PRIYA J', 'II'),
('921022105030', 'CHOREO BOOM', 0, 'GALACTIC STARS', 'EEE', 'GIRLS', 667, 'YAZHINI M', 'II'),
('2023FCS031', 'CHOREO BOOM', 0, 'GALACTIC STARS', 'CSE', 'GIRLS', 669, 'REEMA FATHIMA R', 'I'),
('2023FCS010', 'MIME ODYSSEY', 0, 'TIGER THRASHERS', 'CSE', 'BOYS', 676, 'RAGUL S', 'I'),
('921022105024', 'CHOREO BOOM', 0, 'VIOLET VIPERS', 'EEE', 'GIRLS', 679, 'SWATHI N', 'II'),
('921022104054', 'CARVO', 2, 'BLUE BLASTERS', 'CSE', 'GIRLS', 680, 'THAVASAKTHI G', 'II'),
('921020104001', 'CHOREO BOOM', 0, 'VIOLET VIPERS', 'CSE', 'GIRLS', 683, 'ABARNA M', 'IV'),
('921022104023', 'CARVO', 1, 'VIOLET VIPERS', 'CSE', 'GIRLS', 685, 'KIRUTHIKA M', 'II'),
('921020104042', 'CHOREO BOOM', 0, 'VIOLET VIPERS', 'CSE', 'GIRLS', 686, 'SAIPRIYADARSHINI N S', 'IV'),
('921022104002', 'CARVO', 1, 'VIOLET VIPERS', 'CSE', 'GIRLS', 688, 'ABARNA A', 'II'),
('921020106019', 'MIME ODYSSEY', 0, 'VIOLET VIPERS', 'ECE', 'GIRLS', 691, 'LAVANYA T', 'IV'),
('921021104055', 'MIME ODYSSEY', 0, 'GALACTIC STARS', 'CSE', 'GIRLS', 692, 'VINISHA M', 'III'),
('921020105014', 'CARVO', 1, 'VIOLET VIPERS', 'EEE', 'GIRLS', 693, 'NILAFAR PARVEEN R', 'IV'),
('921020104001', 'CARVO', 2, 'VIOLET VIPERS', 'CSE', 'GIRLS', 694, 'ABARNA M', 'IV'),
('921020104012', 'CARVO', 2, 'VIOLET VIPERS', 'CSE', 'GIRLS', 695, 'DEVISHREE A', 'IV'),
('2023FIT006', 'BLOSSOM AND CRAFTS', 1, 'ROSY RIDERS', 'IT', 'GIRLS', 697, 'SIVAYOGGA K', 'I'),
('921020104029', 'CARVO', 2, 'VIOLET VIPERS', 'CSE', 'GIRLS', 698, 'MAHADEVI P', 'IV'),
('921022103008', 'BLOSSOM AND CRAFTS', 1, 'ROSY RIDERS', 'CE', 'GIRLS', 699, 'JINIRA FATHIMA S', 'II'),
('921022103007', 'MIME ODYSSEY', 0, 'VIOLET VIPERS', 'CE', 'GIRLS', 704, 'JESHILA R', 'II'),
('2023FAI004 ', 'SNAPOGRAPHY', 2, 'BLUE BLASTERS', 'AI', 'GIRLS', 709, 'VARUNI T', 'I'),
('921020106025', 'SNAPOGRAPHY', 2, 'BLUE BLASTERS', 'ECE', 'GIRLS', 710, 'NIVETHA R', 'IV'),
('921020104053', 'CINE SNAP', 0, 'VIOLET VIPERS', 'CSE', 'GIRLS', 711, 'SRINITHI S', 'IV'),
('921021104030', 'SNAPOGRAPHY', 1, 'BLUE BLASTERS', 'CSE', 'GIRLS', 712, 'MUTHUVAISALI T', 'III'),
('921021104017', 'SNAPOGRAPHY', 1, 'BLUE BLASTERS', 'CSE', 'GIRLS', 713, 'KEERTHANA M', 'III'),
('921020104022', 'CINE SNAP', 0, 'VIOLET VIPERS', 'CSE', 'GIRLS', 714, 'INIYA SHREE S', 'IV'),
('921020104018', 'CINE SNAP', 0, 'VIOLET VIPERS', 'CSE', 'GIRLS', 715, 'HARINI G', 'IV'),
('2023fee033', 'CARBON ART', 1, 'VIOLET VIPERS', 'EEE', 'GIRLS', 716, 'RAGAVI A', 'I'),
('921020104048', 'CINE SNAP', 0, 'VIOLET VIPERS', 'CSE', 'GIRLS', 717, 'SHALINI A', 'IV'),
('921022106006', 'CINE SNAP', 0, 'VIOLET VIPERS', 'ECE', 'GIRLS', 718, 'AMUTHA S', 'II'),
('2023fee012', 'CARBON ART', 2, 'VIOLET VIPERS', 'EEE', 'GIRLS', 720, 'BOOMIKA M', 'I'),
('921022104017', 'ONSTAGE ODYSSEY', 0, 'BLUE BLASTERS', 'CSE', 'GIRLS', 722, 'JEYASRI C', 'II'),
('921020106031', 'HANDY HENNA', 1, 'VIOLET VIPERS', 'ECE', 'GIRLS', 723, 'SANDHIYA B', 'IV'),
('921021104011', 'SNAPOGRAPHY', 1, 'VIOLET VIPERS', 'CSE', 'GIRLS', 724, 'GOPIKA S', 'III'),
('921021104026', 'SNAPOGRAPHY', 1, 'VIOLET VIPERS', 'CSE', 'GIRLS', 725, 'MANJUBASHINI J', 'III'),
('921020106002', 'HANDY HENNA', 1, 'VIOLET VIPERS', 'ECE', 'GIRLS', 726, 'ADHILAKSHMI S', 'IV'),
('921021104034', 'SNAPOGRAPHY', 2, 'VIOLET VIPERS', 'CSE', 'GIRLS', 727, 'PRISHA M', 'III'),
('921021104006', 'SNAPOGRAPHY', 2, 'VIOLET VIPERS', 'CSE', 'GIRLS', 728, 'DEEPIKA SRI R', 'III'),
('921020106007', 'HANDY HENNA', 2, 'VIOLET VIPERS', 'ECE', 'GIRLS', 730, 'DEEKSHAA RANI R', 'IV'),
('2023FCS030', 'ONSTAGE ODYSSEY', 0, 'BLUE BLASTERS', 'CSE', 'GIRLS', 734, 'BRINDHA A', 'I'),
('2023fee012', 'HAIRY DORA', 1, 'VIOLET VIPERS', 'EEE', 'GIRLS', 736, 'BOOMIKA M', 'I'),
('921021105003', 'HAIRY DORA', 2, 'VIOLET VIPERS', 'EEE', 'GIRLS', 740, 'CELSIYA M', 'III'),
('921021104040', 'CHOREO BOOM', 0, 'VIOLET VIPERS', 'CSE', 'GIRLS', 745, 'RESHMA MASHUTHA R', 'III'),
('921022243008', 'CHOREO BOOM', 0, 'VIOLET VIPERS', 'AI', 'GIRLS', 746, 'ISHANI P', 'II'),
('921020104049', 'ANY BODY CAN DANCE', 0, 'ROSY RIDERS', 'CSE', 'GIRLS', 747, 'SHRUTHI V R', 'IV'),
('921022106002', 'PICASSO ON GLASS', 2, 'VIOLET VIPERS', 'ECE', 'GIRLS', 748, 'ABIRAMI P', 'II'),
('921022106034', 'CHOREO BOOM', 0, 'VIOLET VIPERS', 'ECE', 'GIRLS', 750, 'MIRUDHULA V', 'II'),
('921021104053', 'ANY BODY CAN DANCE', 0, 'ROSY RIDERS', 'CSE', 'GIRLS', 751, 'UVASRI K', 'III'),
('921022106046', 'PICASSO ON GLASS', 2, 'VIOLET VIPERS', 'ECE', 'GIRLS', 752, 'SANTHIYA J', 'II'),
('2023FEE034', 'ANY BODY CAN DANCE', 0, 'ROSY RIDERS', 'EEE', 'GIRLS', 753, 'JAYASRI P N', 'I'),
('2023FEC009', 'CHOREO BOOM', 0, 'VIOLET VIPERS', 'ECE', 'GIRLS', 755, 'MOGANA PRIYA M', 'I'),
('2023FIT010', 'CHOREO BOOM', 0, 'VIOLET VIPERS', 'IT', 'GIRLS', 756, 'DIVYASRI P', 'I'),
('921022106003', 'ANY BODY CAN DANCE', 0, 'ROSY RIDERS', 'ECE', 'GIRLS', 757, 'ABIRAMI R', 'II'),
('2023FEC014', 'ONSTAGE ODYSSEY', 0, 'BLUE BLASTERS', 'ECE', 'GIRLS', 758, 'NAGAJOTHI S', 'I'),
('921022243003', 'ANY BODY CAN DANCE', 0, 'ROSY RIDERS', 'AI', 'GIRLS', 759, 'AKSHAYA K', 'II');
INSERT INTO `registerationdb` (`reg_no`, `event_name`, `grouped`, `student_house`, `student_dept`, `gender`, `id`, `student_name`, `student_year`) VALUES
('2023FCS037 ', 'CHOREO BOOM', 0, 'VIOLET VIPERS', 'CSE', 'GIRLS', 760, 'DHANUJA P', 'I'),
('921020106028', 'ANY BODY CAN DANCE', 0, 'ROSY RIDERS', 'ECE', 'GIRLS', 761, 'RACHEL J', 'IV'),
('921021104007', 'ANY BODY CAN DANCE', 0, 'ROSY RIDERS', 'CSE', 'GIRLS', 762, 'DEVI R', 'III'),
('2023FAI006', 'ANY BODY CAN DANCE', 0, 'ROSY RIDERS', 'AI', 'GIRLS', 763, 'YUKTHA S', 'I'),
('921022106015', 'ANY BODY CAN DANCE', 0, 'ROSY RIDERS', 'ECE', 'GIRLS', 764, 'GAYATHRI G', 'II'),
('921020104049', 'CHOREO BOOM', 0, 'ROSY RIDERS', 'CSE', 'GIRLS', 767, 'SHRUTHI V R', 'IV'),
('921021104053', 'CHOREO BOOM', 0, 'ROSY RIDERS', 'CSE', 'GIRLS', 768, 'UVASRI K', 'III'),
('921022105018', 'CHOREO BOOM', 0, 'ROSY RIDERS', 'EEE', 'GIRLS', 769, 'SAAI KEERTHI S', 'II'),
('921022105005', 'CHOREO BOOM', 0, 'ROSY RIDERS', 'EEE', 'GIRLS', 770, 'KEERTHI R K', 'II'),
('921022243011', 'CHOREO BOOM', 0, 'ROSY RIDERS', 'AI', 'GIRLS', 771, 'KEERTHANA T', 'II'),
('921022104031', 'CHOREO BOOM', 0, 'ROSY RIDERS', 'CSE', 'GIRLS', 772, 'NANTHIDHA S', 'II'),
('2023FAI008', 'CHOREO BOOM', 0, 'ROSY RIDERS', 'AI', 'GIRLS', 773, 'SUSMITHA S', 'I'),
('2023FAI014', 'CHOREO BOOM', 0, 'ROSY RIDERS', 'AI', 'GIRLS', 774, 'RAJA PRABA R', 'I'),
('921020104002', 'CHOREO BOOM', 0, 'ROSY RIDERS', 'CSE', 'GIRLS', 775, 'AISHWARYA B', 'IV'),
('921021104007', 'CHOREO BOOM', 0, 'ROSY RIDERS', 'CSE', 'GIRLS', 778, 'DEVI R', 'III'),
('921020106015', 'CINE SNAP', 0, 'TIGER THRASHERS', 'ECE', 'BOYS', 779, 'JEGADESH S', 'IV'),
('921022104007', 'ARTY CRAFTY', 1, 'VIOLET VIPERS', 'CSE', 'GIRLS', 781, 'ARCHANA A', 'II'),
('2023FCS042', 'MIME ODYSSEY', 0, 'VIOLET VIPERS', 'CSE', 'GIRLS', 782, 'PRIJEETHA C', 'I'),
('921022104043', 'ARTY CRAFTY', 1, 'VIOLET VIPERS', 'CSE', 'GIRLS', 783, 'SIMRITHA SRI V', 'II'),
('2023fcs017', 'MIME ODYSSEY', 0, 'VIOLET VIPERS', 'CSE', 'GIRLS', 784, 'MENIL SRI M', 'I'),
('921022106041', 'MIME ODYSSEY', 0, 'VIOLET VIPERS', 'ECE', 'GIRLS', 785, 'PRITHIKA P', 'II'),
('921022106051', 'ANY BODY CAN DANCE', 0, 'ROSY RIDERS', 'ECE', 'GIRLS', 786, 'SIVANI M', 'II'),
('921021114005', 'TECH QUEST CHALLENGE', 0, 'GALACTIC STARS', 'MECH', 'GIRLS', 789, 'GANESH SHREE M', 'III'),
('2023FCS049', 'MIME ODYSSEY', 0, 'VIOLET VIPERS', 'CSE', 'GIRLS', 790, 'AKSHAYA R', 'I'),
('2023FEC001', 'MIME ODYSSEY', 0, 'VIOLET VIPERS', 'ECE', 'GIRLS', 791, 'DURGASRI A', 'I'),
('2023FIT019', 'ARTY CRAFTY', 2, 'VIOLET VIPERS', 'IT', 'GIRLS', 793, 'SINDHU S', 'I'),
('921021106028', 'CUISINE MASTER', 1, 'VIOLET VIPERS', 'ECE', 'GIRLS', 796, 'THARIKA P', 'III'),
('921021106016', 'CUISINE MASTER', 1, 'VIOLET VIPERS', 'ECE', 'GIRLS', 798, 'PAVITHRA T', 'III'),
('921022106041 ', 'CUISINE MASTER', 1, 'VIOLET VIPERS', 'ECE', 'GIRLS', 800, 'PRITHIKA P', 'II'),
('921021103025', 'CUISINE MASTER', 2, 'VIOLET VIPERS', 'CE', 'GIRLS', 803, 'VASANTHA PRABHA E', 'III'),
('921021103010', 'CUISINE MASTER', 2, 'VIOLET VIPERS', 'CE', 'GIRLS', 804, 'HASEENA BANU S', 'III'),
('921021103017', 'CUISINE MASTER', 2, 'VIOLET VIPERS', 'CE', 'GIRLS', 807, 'MALAMARI V', 'III'),
('2023FEC007', 'ANY BODY CAN DANCE', 0, 'VIOLET VIPERS', 'ECE', 'GIRLS', 810, 'JEYAPRIYA L M', 'I'),
('2023FEC022', 'ANY BODY CAN DANCE', 0, 'VIOLET VIPERS', 'ECE', 'GIRLS', 811, 'JEEVANA M', 'I'),
('921022243020', 'ANY BODY CAN DANCE', 0, 'VIOLET VIPERS', 'AI', 'GIRLS', 812, 'SHOBIKA SHREE', 'II'),
('921021104015', 'ANY BODY CAN DANCE', 0, 'VIOLET VIPERS', 'CSE', 'GIRLS', 816, 'JEEVITHAA R', 'III'),
('921022106018', 'ANY BODY CAN DANCE', 0, 'VIOLET VIPERS', 'ECE', 'GIRLS', 817, 'HARISHMA S', 'II'),
('921020105004', 'MIME ODYSSEY', 0, 'VIOLET VIPERS', 'EEE', 'GIRLS', 818, 'DEEPIKA S', 'IV'),
('921022105004', 'ANY BODY CAN DANCE', 0, 'VIOLET VIPERS', 'EEE', 'GIRLS', 819, 'KAVIYAPRIYA A', 'II'),
('921020106027', 'ANY BODY CAN DANCE', 0, 'VIOLET VIPERS', 'ECE', 'GIRLS', 821, 'PRIYASAKI K', 'IV'),
('921022104002', 'BLOSSOM AND CRAFTS', 2, 'VIOLET VIPERS', 'CSE', 'GIRLS', 822, 'ABARNA A', 'II'),
('921022104023', 'BLOSSOM AND CRAFTS', 2, 'VIOLET VIPERS', 'CSE', 'GIRLS', 823, 'KIRUTHIKA M', 'II'),
('921022106057', 'TALK ON THE SPOT', 1, 'VIOLET VIPERS', 'ECE', 'GIRLS', 824, 'YALINI SUGAVATHI S', 'II'),
('2023FEC029', 'ONSTAGE ODYSSEY', 0, 'ROSY RIDERS', 'ECE', 'GIRLS', 825, 'KAVIYA R', 'I'),
('2023FEC025', 'ONSTAGE ODYSSEY', 0, 'ROSY RIDERS', 'ECE', 'GIRLS', 826, 'JEEVETHA P', 'I'),
('2023FEC037', 'ONSTAGE ODYSSEY', 0, 'ROSY RIDERS', 'ECE', 'GIRLS', 827, 'SRINITHI C', 'I'),
('2023FEC010', 'ONSTAGE ODYSSEY', 0, 'ROSY RIDERS', 'ECE', 'GIRLS', 828, 'DEEPIKA SRI K', 'I'),
('2023FEC030', 'ONSTAGE ODYSSEY', 0, 'ROSY RIDERS', 'ECE', 'GIRLS', 829, 'POOJA P', 'I'),
('921022103001', 'ONSTAGE ODYSSEY', 0, 'ROSY RIDERS', 'CE', 'GIRLS', 830, 'AJANTHA A', 'II'),
('921022103008', 'ONSTAGE ODYSSEY', 0, 'ROSY RIDERS', 'CE', 'GIRLS', 831, 'JINIRA FATHIMA S', 'II'),
('921022205010', 'ANY BODY CAN DANCE', 0, 'VIOLET VIPERS', 'IT', 'GIRLS', 837, 'NATHIYA P', 'II'),
('921020105013', 'HANDY HENNA', 1, 'GALACTIC STARS', 'EEE', 'GIRLS', 838, 'MINNAL KODI A', 'IV'),
('921021105015', 'TECH QUEST CHALLENGE', 0, 'GALACTIC STARS', 'EEE', 'GIRLS', 839, 'NAGADEEPIKA  M', 'III'),
('2023FCS039', 'CARBON ART', 1, 'GALACTIC STARS', 'CSE', 'GIRLS', 841, 'SHALINI V', 'I'),
('921021104019', 'CINE SNAP', 0, 'GALACTIC STARS', 'CSE', 'GIRLS', 842, 'KIRUTHIKA B', 'III'),
('2023FCS031', 'SNAPOGRAPHY', 2, 'GALACTIC STARS', 'CSE', 'GIRLS', 845, 'REEMA FATHIMA R', 'I'),
('921020105302', 'CUISINE MASTER', 2, 'DRAGON WARRIORS', 'EEE', 'BOYS', 846, 'ABINESHKANNA L', 'IV'),
('921021114018', 'CUISINE MASTER', 1, 'DRAGON WARRIORS', 'MECH', 'BOYS', 847, 'MOUNA RAHUL R', 'III'),
('921020114017', 'WARRIORS SHOWCASE', 0, 'DRAGON WARRIORS', 'MECH', 'BOYS', 848, 'MOHANKUMAR S', 'IV'),
('921021114041', 'CARVO', 1, 'DRAGON WARRIORS', 'MECH', 'BOYS', 851, 'SURYA NARAYANAN V', 'III'),
('921022205026', 'MIME ODYSSEY', 0, 'DRAGON WARRIORS', 'IT', 'BOYS', 852, 'YOHITHKUMAR R', 'II'),
('2023FEE014', 'CHOREO BOOM', 0, 'DRAGON WARRIORS', 'EEE', 'BOYS', 853, 'YUVARAJ P', 'I'),
('921020114015', 'WARRIORS SHOWCASE', 0, 'TIGER THRASHERS', 'MECH', 'BOYS', 854, 'MANOJ KUMAR V', 'IV'),
('921020104038', 'GAMERS GAUNTLET', 0, 'DINO THUNDERS', 'CSE', 'BOYS', 855, 'RAJAMANI R.M.R', 'IV'),
('921022114017', 'CINE SNAP', 0, 'TIGER THRASHERS', 'MECH', 'BOYS', 856, 'MOHAMMED NAWFAL S', 'II'),
('921020105019', 'TALK ON THE SPOT', 2, 'TIGER THRASHERS', 'EEE', 'BOYS', 858, 'SUNIL KRISHNA T S S S', 'IV'),
('921021104056', 'TECH QUEST CHALLENGE', 0, 'TIGER THRASHERS', 'CSE', 'BOYS', 859, 'YOGESHWARAN J', 'III'),
('2023FCS003', 'BLOSSOM AND CRAFTS', 1, 'DINO THUNDERS', 'CSE', 'BOYS', 860, 'SAKTHI SUNDAR P', 'I'),
('921021105029', 'SNAPOGRAPHY', 1, 'TIGER THRASHERS', 'EEE', 'BOYS', 861, 'VELAN  S', 'III'),
('921022114021', 'MIME ODYSSEY', 0, 'TIGER THRASHERS', 'MECH', 'BOYS', 863, 'RITHEESHKUMAR S', 'II'),
('921022105031', 'CARBON ART', 1, 'PHOENIX BLASTERS', 'EEE', 'BOYS', 869, 'YOGESH PANDI S', 'II'),
('921022105003', 'CINE SNAP', 0, 'PHOENIX BLASTERS', 'EEE', 'BOYS', 871, 'AZHAGU RENGAN N', 'II'),
('921022106047', 'MIME ODYSSEY', 0, 'ROSY RIDERS', 'ECE', 'GIRLS', 873, 'SATHIYA P', 'II'),
('921022106042', 'MIME ODYSSEY', 0, 'ROSY RIDERS', 'ECE', 'GIRLS', 874, 'PRIYA K', 'II'),
('2023FAI023', 'CINE SNAP', 0, 'PHOENIX BLASTERS', 'AI', 'BOYS', 875, 'LOGESHKUMAR R', 'I'),
('2023FEE020', 'MIME ODYSSEY', 0, 'ROSY RIDERS', 'EEE', 'GIRLS', 876, 'BRINDHA K', 'I'),
('2023FEE002', 'MIME ODYSSEY', 0, 'ROSY RIDERS', 'EEE', 'GIRLS', 877, 'RAMU SUBBULAKSHMI V', 'I'),
('2023FAI014', 'PICASSO ON GLASS', 2, 'ROSY RIDERS', 'AI', 'GIRLS', 879, 'RAJA PRABA R', 'I'),
('2023FEC050', 'BLOSSOM AND CRAFTS', 2, 'ROSY RIDERS', 'ECE', 'GIRLS', 881, 'SADHA SRI V', 'I'),
('921020114001', 'PICASSO ON GLASS', 2, 'PHOENIX BLASTERS', 'MECH', 'BOYS', 883, 'AHAMED APSAL S', 'IV'),
('921022104011', 'TALK ON THE SPOT', 2, 'ROSY RIDERS', 'CSE', 'GIRLS', 884, 'FARHANA BANU K', 'II'),
('921020114022', 'PICASSO ON GLASS', 2, 'PHOENIX BLASTERS', 'MECH', 'BOYS', 885, 'PUVANESH S', 'IV'),
('921021106029', 'BLOSSOM AND CRAFTS', 2, 'ROSY RIDERS', 'ECE', 'GIRLS', 886, 'THENMOZHI K', 'III'),
('921020104034', 'ARTY CRAFTY', 1, 'PHOENIX BLASTERS', 'CSE', 'BOYS', 887, 'PARTHIBAN R', 'IV'),
('921020104050', 'ARTY CRAFTY', 1, 'PHOENIX BLASTERS', 'CSE', 'BOYS', 888, 'SIVAKUMAR K', 'IV'),
('921020106008', 'CINE SNAP', 0, 'ROSY RIDERS', 'ECE', 'GIRLS', 890, 'DEEPA G', 'IV'),
('921020105016', 'CINE SNAP', 0, 'ROSY RIDERS', 'EEE', 'GIRLS', 892, 'PANDIESWARI G', 'IV'),
('921021103022', 'CUISINE MASTER', 2, 'ABS - PHOENIX BLASTERS', 'CE', 'BOYS', 893, 'SANTHANAKARUPPAN A', 'III'),
('921021103008', 'CUISINE MASTER', 2, 'PHOENIX BLASTERS', 'CE', 'BOYS', 894, 'DHINESHKUMAR V', 'III'),
('921020104013', 'CHOREO BOOM', 0, 'PHOENIX BLASTERS', 'CSE', 'BOYS', 895, 'DHANUSKAR S', 'IV'),
('921021104033', 'SNAPOGRAPHY', 1, 'PHOENIX BLASTERS', 'CSE', 'BOYS', 896, 'PRASANNA V', 'III'),
('2023FCE007', 'SNAPOGRAPHY', 1, 'PHOENIX BLASTERS', 'CE', 'BOYS', 897, 'JEGANATH M', 'I'),
('921022205001', 'SNAPOGRAPHY', 2, 'PHOENIX BLASTERS', 'IT', 'BOYS', 898, 'AASWIN JS', 'II'),
('921022205021', 'SNAPOGRAPHY', 2, 'PHOENIX BLASTERS', 'IT', 'BOYS', 899, 'SRI HARI PRASATH  A', 'II'),
('2023FCS047', 'HAIRY DORA', 2, 'BLUE BLASTERS', 'CSE', 'GIRLS', 901, 'HARINI V', 'I'),
('921021103013', 'HAIRY DORA', 1, 'BLUE BLASTERS', 'CE', 'GIRLS', 903, 'KAVIYA R', 'III'),
('921022106043', 'HAIRY DORA', 2, 'BLUE BLASTERS', 'ECE', 'GIRLS', 906, 'PRIYADHARSHINI S', 'II'),
('2023FEC020', 'ONSTAGE ODYSSEY', 0, 'BLUE BLASTERS', 'ECE', 'GIRLS', 907, 'KIRUTHIKA M', 'I'),
('921022104012', 'ONSTAGE ODYSSEY', 0, 'BLUE BLASTERS', 'CSE', 'GIRLS', 908, 'FEMILA M', 'II'),
('921022104021', 'ONSTAGE ODYSSEY', 0, 'BLUE BLASTERS', 'CSE', 'GIRLS', 911, 'KAVIYASHREE B', 'II'),
('921022105013', 'TALK ON THE SPOT', 2, 'BLUE BLASTERS', 'EEE', 'GIRLS', 913, 'MONIKA R', 'II'),
('2023FAI021', 'ONSTAGE ODYSSEY', 0, 'GALACTIC STARS', 'AI', 'GIRLS', 914, 'VASUKI P', 'I'),
('921021104005', 'ONSTAGE ODYSSEY', 0, 'GALACTIC STARS', 'CSE', 'GIRLS', 915, 'DEEPIKA E', 'III'),
('2023FEE003', 'CUISINE MASTER', 2, 'BLUE BLASTERS', 'EEE', 'GIRLS', 916, 'DANIKA R', 'I'),
('2023FEC042', 'ONSTAGE ODYSSEY', 0, 'GALACTIC STARS', 'ECE', 'GIRLS', 917, 'SWATHI K', 'I'),
('921022106044', 'BLOSSOM AND CRAFTS', 2, 'GALACTIC STARS', 'ECE', 'GIRLS', 918, 'RITHIKA V', 'II'),
('2023FIT013', 'CUISINE MASTER', 2, 'BLUE BLASTERS', 'IT', 'GIRLS', 919, 'VANISRI M', 'I'),
('2023FCE013', 'CUISINE MASTER', 2, 'BLUE BLASTERS', 'CE', 'GIRLS', 920, 'MADHUGAYATHRI J', 'I'),
('921021104008', 'TECH QUEST CHALLENGE', 0, 'BLUE BLASTERS', 'CSE', 'GIRLS', 921, 'DHARSHINI L', 'III'),
('921020105301', 'CARVO', 2, 'BLUE BLASTERS', 'EEE', 'GIRLS', 922, 'ABINAYA P', 'IV'),
('2023FCE016', 'CARVO', 1, 'BLUE BLASTERS', 'CE', 'GIRLS', 923, 'SHAJITHA PARVEEN R', 'I'),
('2023FEC038', 'CARVO', 1, 'BLUE BLASTERS', 'ECE', 'GIRLS', 924, 'GOPIKA M', 'I'),
('921020104059', 'ANY BODY CAN DANCE', 0, 'BLUE BLASTERS', 'CSE', 'GIRLS', 925, 'VINI SUBICKSHA L S', 'IV'),
('921021106002', 'ANY BODY CAN DANCE', 0, 'BLUE BLASTERS', 'ECE', 'GIRLS', 926, 'ABINAYA N', 'III'),
('921021105005', 'ANY BODY CAN DANCE', 0, 'BLUE BLASTERS', 'EEE', 'GIRLS', 927, 'GOBIKA M', 'III'),
('921021106019', 'ANY BODY CAN DANCE', 0, 'BLUE BLASTERS', 'ECE', 'GIRLS', 928, 'RINDHIYA R', 'III'),
('921022104039', 'ANY BODY CAN DANCE', 0, 'BLUE BLASTERS', 'CSE', 'GIRLS', 929, 'RESHMA SHREE L V', 'II'),
('2023FIT011', 'ANY BODY CAN DANCE', 0, 'BLUE BLASTERS', 'IT', 'GIRLS', 930, 'ARCHANA DEVI C', 'I'),
('2022LCS070', 'ANY BODY CAN DANCE', 0, 'BLUE BLASTERS', 'CSE', 'GIRLS', 931, 'DHARANI B', 'III'),
('2023FEC006', 'ANY BODY CAN DANCE', 0, 'BLUE BLASTERS', 'ECE', 'GIRLS', 932, 'DEVADHARSHINI K', 'I'),
('921021104057', 'ANY BODY CAN DANCE', 0, 'BLUE BLASTERS', 'CSE', 'GIRLS', 933, 'YUVASHAKTHI M', 'III'),
('921022104033', 'ANY BODY CAN DANCE', 0, 'BLUE BLASTERS', 'CSE', 'GIRLS', 934, 'PALASAI JOSHIKA P', 'II'),
('2023FEC019', 'ONSTAGE ODYSSEY', 0, 'BLUE BLASTERS', 'ECE', 'GIRLS', 935, 'RATHEESWARI P', 'I'),
('2023FAI018', 'MIME ODYSSEY', 0, 'BLUE BLASTERS', 'AI', 'GIRLS', 936, 'MUTHULAKSHMI P', 'I'),
('2023FCS023', 'MIME ODYSSEY', 0, 'BLUE BLASTERS', 'CSE', 'GIRLS', 937, 'KANAGA DURGA M', 'I'),
('2023FCS038', 'MIME ODYSSEY', 0, 'BLUE BLASTERS', 'CSE', 'GIRLS', 938, 'NANDHINI R', 'I'),
('921020103008', 'MUSICAL RHAPSODY', 0, 'BLUE BLASTERS', 'CE', 'GIRLS', 939, 'SHREETHIKA K', 'IV'),
('921020104020', 'CHOREO BOOM', 0, 'BLUE BLASTERS', 'CSE', 'GIRLS', 940, 'HEMA S', 'IV'),
('921020104051', 'CHOREO BOOM', 0, 'BLUE BLASTERS', 'CSE', 'GIRLS', 941, 'SOUNDHARYA G', 'IV'),
('2023FCS006', 'CHOREO BOOM', 0, 'BLUE BLASTERS', 'CSE', 'GIRLS', 942, 'SUTHEESHNA R', 'I'),
('921022106016', 'CHOREO BOOM', 0, 'BLUE BLASTERS', 'ECE', 'GIRLS', 943, 'HARINI K M ', 'II'),
('921020106035', 'CHOREO BOOM', 0, 'BLUE BLASTERS', 'ECE', 'GIRLS', 944, 'SATHIYASELVI M', 'IV'),
('921020106014', 'CHOREO BOOM', 0, 'BLUE BLASTERS', 'ECE', 'GIRLS', 945, 'JAYASHREE P', 'IV'),
('2023FIT024', 'CHOREO BOOM', 0, 'BLUE BLASTERS', 'IT', 'GIRLS', 946, 'SONI P', 'I'),
('921022106025', 'CHOREO BOOM', 0, 'BLUE BLASTERS', 'ECE', 'GIRLS', 947, 'JEYASREE VEE', 'II'),
('921021104042', 'CHOREO BOOM', 0, 'BLUE BLASTERS', 'CSE', 'GIRLS', 948, 'ROOBINI G', 'III'),
('921021105008', 'HAIRY DORA', 1, 'VIOLET VIPERS', 'EEE', 'GIRLS', 951, 'HEMA M', 'III'),
('2023FIT025 ', 'HAIRY DORA', 2, 'VIOLET VIPERS', 'IT', 'GIRLS', 952, 'NOORULNAFEELA A', 'I'),
('2023FCS009', 'MIME ODYSSEY', 0, 'BLUE BLASTERS', 'CSE', 'GIRLS', 953, 'ABI R', 'I'),
('921022104048', 'ONSTAGE ODYSSEY', 0, 'VIOLET VIPERS', 'CSE', 'GIRLS', 954, 'SUBIKSHA M', 'II'),
('921022103016', 'ONSTAGE ODYSSEY', 0, 'VIOLET VIPERS', 'CE', 'GIRLS', 955, 'PREETHIKA M', 'II'),
('921022104030 ', 'ONSTAGE ODYSSEY', 0, 'VIOLET VIPERS', 'CSE', 'GIRLS', 956, 'MONISHA C', 'II'),
('2023FEC040', 'ONSTAGE ODYSSEY', 0, 'VIOLET VIPERS', 'ECE', 'GIRLS', 957, 'SWETHASREE P', 'I'),
('2023FCE017 ', 'ONSTAGE ODYSSEY', 0, 'VIOLET VIPERS', 'CE', 'GIRLS', 958, 'NITHYA SHREE S', 'I'),
('921020106007 ', 'CHOREO BOOM', 0, 'VIOLET VIPERS', 'ECE', 'GIRLS', 959, 'DEEKSHAA RANI R', 'IV'),
('921021103701', 'TALK ON THE SPOT', 2, 'VIOLET VIPERS', 'CE', 'GIRLS', 960, 'DHARANI PRABAKER P', 'III'),
('2023FEE033 ', 'MIME ODYSSEY', 0, 'VIOLET VIPERS', 'EEE', 'GIRLS', 962, 'RAGAVI A', 'I'),
('921022106022 ', 'MIME ODYSSEY', 0, 'VIOLET VIPERS', 'ECE', 'GIRLS', 963, 'JEEVITHA U', 'II'),
('921020106302 ', 'ANY BODY CAN DANCE', 0, 'VIOLET VIPERS', 'ECE', 'GIRLS', 964, 'RANI SAMYUKTHA K', 'IV'),
('921021103017', 'ANY BODY CAN DANCE', 0, 'VIOLET VIPERS', 'CE', 'GIRLS', 965, 'MALAMARI V', 'III'),
('921020106037', 'HANDY HENNA', 2, 'VIOLET VIPERS', 'ECE', 'GIRLS', 966, 'SHARMILA M', 'IV'),
('921021114014 ', 'TECH QUEST CHALLENGE', 0, 'VIOLET VIPERS', 'MECH', 'GIRLS', 967, 'LAKSHMIPRABHA K', 'III'),
('921022105009', 'ARTY CRAFTY', 2, 'VIOLET VIPERS', 'EEE', 'GIRLS', 968, 'MADHUSRI G', 'II'),
('921022104057', 'BLOSSOM AND CRAFTS', 1, 'VIOLET VIPERS', 'CSE', 'GIRLS', 969, 'VIJITHRA V', 'II'),
('921022106050', 'BLOSSOM AND CRAFTS', 1, 'VIOLET VIPERS', 'ECE', 'GIRLS', 970, 'SHRI HARINI A', 'II'),
('921022205015', 'HANDY HENNA', 1, 'BLUE BLASTERS', 'IT', 'GIRLS', 971, 'PREETHI V', 'II'),
('921022243022', 'HANDY HENNA', 2, 'BLUE BLASTERS', 'AI', 'GIRLS', 972, 'SRIDEVI B', 'II'),
('921020114004', 'ANY BODY CAN DANCE', 0, 'DRAGON WARRIORS', 'MECH', 'BOYS', 973, 'ASHOK KUMAR S', 'IV'),
('921020106039', 'PICASSO ON GLASS', 2, 'DRAGON WARRIORS', 'ECE', 'BOYS', 974, 'SIVABALA N', 'IV'),
('921022106032', 'PICASSO ON GLASS', 2, 'DRAGON WARRIORS', 'ECE', 'BOYS', 975, 'MADHESH S', 'II'),
('2023FEC021', 'TECH QUEST CHALLENGE', 0, 'ABS - PHOENIX BLASTERS', 'ECE', 'BOYS', 976, 'KARTHICK V', 'I'),
('2023FEE017', 'MIME ODYSSEY', 0, 'TIGER THRASHERS', 'EEE', 'BOYS', 978, 'VINOTH G', 'I'),
('921020114020', 'NSCET TRENDSETTERS', 0, 'DINO THUNDERS', 'MECH', 'BOYS', 979, 'PRAVEEN P', 'IV'),
('921021104025', 'NSCET TRENDSETTERS', 0, 'GALACTIC STARS', 'CSE', 'GIRLS', 980, 'MAMITHA T', 'III'),
('921020104057', 'NSCET TRENDSETTERS', 0, 'DRAGON WARRIORS', 'CSE', 'BOYS', 981, 'VENKATESH M', 'IV'),
('921020104059', 'NSCET TRENDSETTERS', 0, 'BLUE BLASTERS', 'CSE', 'GIRLS', 982, 'VINI SUBICKSHA L S', 'IV'),
('921020104036', 'NSCET TRENDSETTERS', 0, 'TIGER THRASHERS', 'CSE', 'BOYS', 983, 'PRAVEEN KUMAR M', 'IV'),
('921020104023', 'NSCET TRENDSETTERS', 0, 'ROSY RIDERS', 'CSE', 'GIRLS', 984, 'H. JENIFAR FATHIMA', 'IV'),
('921020104013', 'NSCET TRENDSETTERS', 0, 'PHOENIX BLASTERS', 'CSE', 'BOYS', 985, 'S DHANUSKAR', 'IV'),
('921020104042', 'NSCET TRENDSETTERS', 0, 'VIOLET VIPERS', 'CSE', 'GIRLS', 986, 'N.S.SAI PRIYADARASHINI', 'IV');

-- --------------------------------------------------------

--
-- Table structure for table `studentdb`
--

CREATE TABLE `studentdb` (
  `name` varchar(255) COLLATE utf8mb4_general_ci DEFAULT NULL,
  `reg_no` varchar(255) COLLATE utf8mb4_general_ci DEFAULT NULL,
  `house` varchar(255) COLLATE utf8mb4_general_ci DEFAULT NULL,
  `dept` varchar(255) COLLATE utf8mb4_general_ci DEFAULT NULL,
  `gender` varchar(255) COLLATE utf8mb4_general_ci DEFAULT NULL,
  `year` varchar(255) COLLATE utf8mb4_general_ci DEFAULT NULL,
  `id` int NOT NULL,
  `viewed` int NOT NULL DEFAULT '0'
) ENGINE=InnoDB DEFAULT CHARSET=utf8mb4 COLLATE=utf8mb4_general_ci;

--
-- Dumping data for table `studentdb`
--

INSERT INTO `studentdb` (`name`, `reg_no`, `house`, `dept`, `gender`, `year`, `id`, `viewed`) VALUES
('AJAY M', '921022243001', 'DINO THUNDERS', 'AI', 'BOYS', 'II', 1, 1),
('NAVEENKUMAR S', '921022243012', 'DINO THUNDERS', 'AI', 'BOYS', 'II', 2, 1),
('SANDHOSH G', '921022243017', 'DINO THUNDERS', 'AI', 'BOYS', 'II', 3, 1),
('DEVENDRA KUMAR P', '2023FAI026', 'DINO THUNDERS', 'AI', 'BOYS', 'I', 4, 0),
('VISHNU PARAMESH B', '2023FAI027', 'DINO THUNDERS', 'AI', 'BOYS', 'I', 5, 0),
('JOSH POVASH C', '921020103003', 'DINO THUNDERS', 'CE', 'BOYS', 'IV', 6, 0),
('SOUNDARAPANDI P', '921020103303', 'DINO THUNDERS', 'CE', 'BOYS', 'IV', 7, 0),
('MADURAI VEERAN L', '921021103016', 'DINO THUNDERS', 'CE', 'BOYS', 'III', 8, 0),
('SARVESHWARAN V', '921021103302', 'DINO THUNDERS', 'CE', 'BOYS', 'III', 9, 0),
('PARTHASARATHI S', '921022103014', 'DINO THUNDERS', 'CE', 'BOYS', 'II', 10, 1),
('SIVANESAN M', '921022103020', 'DINO THUNDERS', 'CE', 'BOYS', 'II', 11, 0),
('AJAY S', '2023FCE012', 'DINO THUNDERS', 'CE', 'BOYS', 'I', 12, 0),
('HARIKRISHNAN R', '2023FCE020', 'DINO THUNDERS', 'CE', 'BOYS', 'I', 13, 0),
('PRATHIVARUN P R', '2023FCE008', 'DINO THUNDERS', 'CE', 'BOYS', 'I', 14, 0),
('ARUN P S', '921020104007', 'DINO THUNDERS', 'CSE', 'BOYS', 'IV', 15, 1),
('KARTHIK BABU M', '921020104025', 'DINO THUNDERS', 'CSE', 'BOYS', 'IV', 16, 1),
('NAVEENRAJA R', '921020104032', 'DINO THUNDERS', 'CSE', 'BOYS', 'IV', 17, 0),
('RAJAMANI R.M.R', '921020104038', 'DINO THUNDERS', 'CSE', 'BOYS', 'IV', 18, 1),
('SANGILIMUTHU S', '921020104045', 'DINO THUNDERS', 'CSE', 'BOYS', 'IV', 19, 1),
('THANGARAJ K', '921020104055', 'DINO THUNDERS', 'CSE', 'BOYS', 'IV', 20, 0),
('AKASH V', '921021104002', 'DINO THUNDERS', 'CSE', 'BOYS', 'III', 21, 1),
('LOGESH M', '921021104022', 'DINO THUNDERS', 'CSE', 'BOYS', 'III', 22, 1),
('RAM PRASATH K', '921021104037', 'DINO THUNDERS', 'CSE', 'BOYS', 'III', 23, 0),
('TENSH KUMAR K', '921021104051', 'DINO THUNDERS', 'CSE', 'BOYS', 'III', 24, 1),
('AKILAN A', '921022104003', 'DINO THUNDERS', 'CSE', 'BOYS', 'II', 25, 1),
('GOKULNATH B', '921022104013', 'DINO THUNDERS', 'CSE', 'BOYS', 'II', 26, 0),
('NITHISH V', '921022104032', 'DINO THUNDERS', 'CSE', 'BOYS', 'II', 27, 1),
('SACHITHANANDAN S', '921022104041', 'DINO THUNDERS', 'CSE', 'BOYS', 'II', 28, 1),
('YUGESH KUMAR A', '921022104060', 'DINO THUNDERS', 'CSE', 'BOYS', 'II', 29, 1),
('JAI RAGUL D', '2023FCS008', 'DINO THUNDERS', 'CSE', 'BOYS', 'I', 30, 0),
('PANDEESWARAN C', '2023FCS029', 'DINO THUNDERS', 'CSE', 'BOYS', 'I', 31, 0),
('SAKTHI SUNDAR P', '2023FCS003', 'DINO THUNDERS', 'CSE', 'BOYS', 'I', 32, 0),
('ANDICHAMY D', '2023LEC068', 'DINO THUNDERS', 'ECE', 'BOYS', 'II', 33, 0),
('KATHIRAVAN A', '921020106017', 'DINO THUNDERS', 'ECE', 'BOYS', 'IV', 34, 1),
('SHRISH K', '921020106038', 'DINO THUNDERS', 'ECE', 'BOYS', 'IV', 35, 1),
('SABARI GANESH A', '921020106303', 'DINO THUNDERS', 'ECE', 'BOYS', 'IV', 36, 1),
('GOWTHAM M', '921021106009', 'DINO THUNDERS', 'ECE', 'BOYS', 'III', 37, 1),
('LOGESH GNANAVEL S', '921021106014', 'DINO THUNDERS', 'ECE', 'BOYS', 'III', 38, 1),
('SABARI GIRI V', '921021106021', 'DINO THUNDERS', 'ECE', 'BOYS', 'III', 39, 1),
('BHUVANESH K', '921022106009', 'DINO THUNDERS', 'ECE', 'BOYS', 'II', 40, 0),
('KARTHIK KAMTCHI K', '921022106028', 'DINO THUNDERS', 'ECE', 'BOYS', 'II', 41, 0),
('MUSHARRAF RAJA S', '921022106036', 'DINO THUNDERS', 'ECE', 'BOYS', 'II', 42, 1),
('SUKIN J', '921022106054', 'DINO THUNDERS', 'ECE', 'BOYS', 'II', 43, 1),
('ADITHYAN V', '2023FEC002', 'DINO THUNDERS', 'ECE', 'BOYS', 'I', 44, 1),
('HARIMURUGAN S', '2023FEC024', 'DINO THUNDERS', 'ECE', 'BOYS', 'I', 45, 0),
('MANIKANDAN M', '2023FEC039', 'DINO THUNDERS', 'ECE', 'BOYS', 'I', 46, 0),
('VIJAYARAGAVAN C', '2023FEC013', 'DINO THUNDERS', 'ECE', 'BOYS', 'I', 47, 0),
('ARUNKUMAR M', '921020105003', 'DINO THUNDERS', 'EEE', 'BOYS', 'IV', 48, 1),
('MAHENDRAN M', '921020105011', 'DINO THUNDERS', 'EEE', 'BOYS', 'IV', 49, 1),
('VISHWA M', '921020105020', 'DINO THUNDERS', 'EEE', 'BOYS', 'IV', 50, 1),
('HARI BABU P P', '921021105007', 'DINO THUNDERS', 'EEE', 'BOYS', 'III', 51, 1),
('NATARAJAN K', '921021105020', 'DINO THUNDERS', 'EEE', 'BOYS', 'III', 52, 1),
('ARAVIND S', '921022105001', 'DINO THUNDERS', 'EEE', 'BOYS', 'II', 53, 0),
('MANIKANDAN M', '921022105010', 'DINO THUNDERS', 'EEE', 'BOYS', 'II', 54, 0),
('SANJAY C', '921022105020', 'DINO THUNDERS', 'EEE', 'BOYS', 'II', 55, 1),
('THIYAGARAJAN B', '921022105027', 'DINO THUNDERS', 'EEE', 'BOYS', 'II', 56, 0),
('ARAVINTH S', '2023FEE037', 'DINO THUNDERS', 'EEE', 'BOYS', 'I', 57, 0),
('GURUPRASATH M', '2023FEE036', 'DINO THUNDERS', 'EEE', 'BOYS', 'I', 58, 0),
('MARIMUTHU R', '2023FEE032', 'DINO THUNDERS', 'EEE', 'BOYS', 'I', 59, 0),
('SANTHOSH J', '2023FEE015', 'DINO THUNDERS', 'EEE', 'BOYS', 'I', 60, 0),
('YUVARAJ M', '2023FEE028', 'DINO THUNDERS', 'EEE', 'BOYS', 'I', 61, 0),
('MOHAMMED IRFAN SHEIK K', '921022205006', 'DINO THUNDERS', 'IT', 'BOYS', 'II', 62, 1),
('SARVAJI M', '921022205018', 'DINO THUNDERS', 'IT', 'BOYS', 'II', 63, 1),
('VIGNESHWAR S', '921022205024', 'DINO THUNDERS', 'IT', 'BOYS', 'II', 64, 1),
('THANUSH KUMAR P', '2023FIT014', 'DINO THUNDERS', 'IT', 'BOYS', 'I', 65, 0),
('SOUNDARAPANDI B', '2022LME054', 'DINO THUNDERS', 'MECH', 'BOYS', 'III', 66, 0),
('ARAVINDKUMAR G', '921020114003', 'DINO THUNDERS', 'MECH', 'BOYS', 'IV', 67, 1),
('GOKUL M', '921020114008', 'DINO THUNDERS', 'MECH', 'BOYS', 'IV', 68, 1),
('HARIKRISHNA T', '921020114012', 'DINO THUNDERS', 'MECH', 'BOYS', 'IV', 69, 1),
('MOHAMED VASIUL AKRAM M', '921020114016', 'DINO THUNDERS', 'MECH', 'BOYS', 'IV', 70, 1),
('PRAVEEN P', '921020114020', 'DINO THUNDERS', 'MECH', 'BOYS', 'IV', 71, 1),
('VELMURUGAN M', '921020114024', 'DINO THUNDERS', 'MECH', 'BOYS', 'IV', 72, 1),
('PRAVEEN KUMAR M', '921020114301', 'DINO THUNDERS', 'MECH', 'BOYS', 'IV', 73, 0),
('ARUN PANDIAN V', '921021114002', 'DINO THUNDERS', 'MECH', 'BOYS', 'III', 74, 0),
('GOWRISHANKAR P', '921021114007', 'DINO THUNDERS', 'MECH', 'BOYS', 'III', 75, 1),
('KARTHICKRAJA K', '921021114011', 'DINO THUNDERS', 'MECH', 'BOYS', 'III', 76, 0),
('MOHAMED ISKAK A', '921021114016', 'DINO THUNDERS', 'MECH', 'BOYS', 'III', 77, 0),
('NITHISH KUMAR', '921021114021', 'DINO THUNDERS', 'MECH', 'BOYS', 'III', 78, 0),
('PRABHU P', '921021114026', 'DINO THUNDERS', 'MECH', 'BOYS', 'III', 79, 1),
('SANMUGAM V', '921021114031', 'DINO THUNDERS', 'MECH', 'BOYS', 'III', 80, 0),
('SIVAPRAKASH S', '921021114035', 'DINO THUNDERS', 'MECH', 'BOYS', 'III', 81, 0),
('SURESHPANDI D', '921021114040', 'DINO THUNDERS', 'MECH', 'BOYS', 'III', 82, 1),
('VIGNESH M', '921021114045', 'DINO THUNDERS', 'MECH', 'BOYS', 'III', 83, 0),
('YUVARAJ K', '921021114050', 'DINO THUNDERS', 'MECH', 'BOYS', 'III', 84, 1),
('BHARATH KUMARAN N', '921022114004', 'DINO THUNDERS', 'MECH', 'BOYS', 'II', 85, 0),
('GOUTHAM P', '921022114008', 'DINO THUNDERS', 'MECH', 'BOYS', 'II', 86, 0),
('KESAVAN S', '921022114013', 'DINO THUNDERS', 'MECH', 'BOYS', 'II', 87, 0),
('MUTHUBALAJI C', '921022114018', 'DINO THUNDERS', 'MECH', 'BOYS', 'II', 88, 0),
('SRINITHISH A', '921022114022', 'DINO THUNDERS', 'MECH', 'BOYS', 'II', 89, 0),
('AJAY D', '2023FME009', 'DINO THUNDERS', 'MECH', 'BOYS', 'I', 90, 0),
('PANDEESWARAN B', '2023FME010', 'DINO THUNDERS', 'MECH', 'BOYS', 'I', 91, 0),
('SRI LAKSHMI GANESH S', '2023FME002', 'DINO THUNDERS', 'MECH', 'BOYS', 'I', 92, 0),
('AJAY S', '921022243002', 'DRAGON WARRIORS', 'AI', 'BOYS', 'II', 93, 1),
('NITHEESH PATRICK P', '921022243013', 'DRAGON WARRIORS', 'AI', 'BOYS', 'II', 94, 1),
('SHAFEEK MURATH S', '921022243019', 'DRAGON WARRIORS', 'AI', 'BOYS', 'II', 95, 1),
('GOKUL M', '2023FAI001', 'DRAGON WARRIORS', 'AI', 'BOYS', 'I', 96, 0),
('YOGESHKUMAR R', '2023FAI019', 'DRAGON WARRIORS', 'AI', 'BOYS', 'I', 97, 0),
('PRASANNA KUMAR M', '921020103006', 'DRAGON WARRIORS', 'CE', 'BOYS', 'IV', 98, 0),
('AJANTHAN R', '921021103004', 'DRAGON WARRIORS', 'CE', 'BOYS', 'III', 99, 0),
('PRATHISH SARAN J', '921021103020', 'DRAGON WARRIORS', 'CE', 'BOYS', 'III', 100, 0),
('HARIPRASATH M', '921022103005', 'DRAGON WARRIORS', 'CE', 'BOYS', 'II', 101, 0),
('PERIYAMAYEE S', '921022103015', 'DRAGON WARRIORS', 'CE', 'BOYS', 'II', 102, 0),
('SOLAIRAJA K', '921022103021', 'DRAGON WARRIORS', 'CE', 'BOYS', 'II', 103, 0),
('BALA S', '2023FCE001', 'DRAGON WARRIORS', 'CE', 'BOYS', 'I', 104, 0),
('IYYANATHAN M', '2023FCE005', 'DRAGON WARRIORS', 'CE', 'BOYS', 'I', 105, 0),
('ROOBAN J', '2023FCE002', 'DRAGON WARRIORS', 'CE', 'BOYS', 'I', 106, 0),
('BRUTHESAVAN M', '921020104010', 'DRAGON WARRIORS', 'CSE', 'BOYS', 'IV', 107, 1),
('KISHON KARTHIK T', '921020104026', 'DRAGON WARRIORS', 'CSE', 'BOYS', 'IV', 108, 0),
('NITHISHKUMAR S', '921020104033', 'DRAGON WARRIORS', 'CSE', 'BOYS', 'IV', 109, 1),
('RAJA PANDIAN P', '921020104039', 'DRAGON WARRIORS', 'CSE', 'BOYS', 'IV', 110, 1),
('SELVA SANTHOSH M', '921020104047', 'DRAGON WARRIORS', 'CSE', 'BOYS', 'IV', 111, 1),
('VENKATESH M', '921020104057', 'DRAGON WARRIORS', 'CSE', 'BOYS', 'IV', 112, 1),
('DINESH R', '921021104009', 'DRAGON WARRIORS', 'CSE', 'BOYS', 'III', 113, 1),
('MUKILAN S', '921021104029', 'DRAGON WARRIORS', 'CSE', 'BOYS', 'III', 114, 1),
('SANTHOSH E', '921021104044', 'DRAGON WARRIORS', 'CSE', 'BOYS', 'III', 115, 1),
('VIGNESH G', '921021104054', 'DRAGON WARRIORS', 'CSE', 'BOYS', 'III', 116, 1),
('BHARATH SURYA M', '921022104008', 'DRAGON WARRIORS', 'CSE', 'BOYS', 'II', 117, 1),
('MAHMOOD SHAFI K', '921022104027', 'DRAGON WARRIORS', 'CSE', 'BOYS', 'II', 118, 0),
('RAMSANJEEV R', '921022104037', 'DRAGON WARRIORS', 'CSE', 'BOYS', 'II', 119, 1),
('SIVAPANDI V', '921022104044', 'DRAGON WARRIORS', 'CSE', 'BOYS', 'II', 120, 1),
('AHAMED ATHIL KHAN M V', '2023FCS035', 'DRAGON WARRIORS', 'CSE', 'BOYS', 'I', 121, 0),
('KAVIN PRASHAD A', '2023FCS034', 'DRAGON WARRIORS', 'CSE', 'BOYS', 'I', 122, 0),
('PHIRAMOTH G K', '2023FCS014', 'DRAGON WARRIORS', 'CSE', 'BOYS', 'I', 123, 0),
('SARAN R', '2023FCS027', 'DRAGON WARRIORS', 'CSE', 'BOYS', 'I', 124, 0),
('ABDULPASITH S', '921020106001', 'DRAGON WARRIORS', 'ECE', 'BOYS', 'IV', 125, 1),
('KRISHNASAMY P', '921020106018', 'DRAGON WARRIORS', 'ECE', 'BOYS', 'IV', 126, 1),
('SIVABALA N', '921020106039', 'DRAGON WARRIORS', 'ECE', 'BOYS', 'IV', 127, 1),
('VIGNESHWARAN M', '921020106304', 'DRAGON WARRIORS', 'ECE', 'BOYS', 'IV', 128, 1),
('JAISURYA V', '921021106010', 'DRAGON WARRIORS', 'ECE', 'BOYS', 'III', 129, 1),
('LOGESHKUMAR P', '921021106015', 'DRAGON WARRIORS', 'ECE', 'BOYS', 'III', 130, 1),
('THIRUPPATHI K', '921021106030', 'DRAGON WARRIORS', 'ECE', 'BOYS', 'III', 131, 1),
('CALEBRAJA D', '921022106010', 'DRAGON WARRIORS', 'ECE', 'BOYS', 'II', 132, 1),
('MADHESH S', '921022106032', 'DRAGON WARRIORS', 'ECE', 'BOYS', 'II', 133, 1),
('NAVEEN PRASATH S', '921022106037', 'DRAGON WARRIORS', 'ECE', 'BOYS', 'II', 134, 0),
('SURYA M', '921022106055', 'DRAGON WARRIORS', 'ECE', 'BOYS', 'II', 135, 0),
('ANANTHA RAM A', '2023FEC034', 'DRAGON WARRIORS', 'ECE', 'BOYS', 'I', 136, 0),
('JEEVANANDHAM A', '2023FEC003', 'DRAGON WARRIORS', 'ECE', 'BOYS', 'I', 137, 0),
('NAGESHWARAN K', '2023FEC023', 'DRAGON WARRIORS', 'ECE', 'BOYS', 'I', 138, 0),
('MUJEEPRAHUMAN K', '2023LEE033', 'DRAGON WARRIORS', 'EEE', 'BOYS', 'II', 139, 0),
('HARIHARASUDHAN T', '921020105006', 'DRAGON WARRIORS', 'EEE', 'BOYS', 'IV', 140, 1),
('MARIYA ANTONY M', '921020105012', 'DRAGON WARRIORS', 'EEE', 'BOYS', 'IV', 141, 1),
('ABINESHKANNA L', '921020105302', 'DRAGON WARRIORS', 'EEE', 'BOYS', 'IV', 142, 1),
('KISHOR BABU R', '921021105010', 'DRAGON WARRIORS', 'EEE', 'BOYS', 'III', 143, 1),
('PRAVEENKUMAR M B', '921021105023', 'DRAGON WARRIORS', 'EEE', 'BOYS', 'III', 144, 1),
('ARAVIND T', '921022105002', 'DRAGON WARRIORS', 'EEE', 'BOYS', 'II', 145, 0),
('MEENALOCHANAN S', '921022105012', 'DRAGON WARRIORS', 'EEE', 'BOYS', 'II', 146, 0),
('SHANMUGASUNDAR P', '921022105021', 'DRAGON WARRIORS', 'EEE', 'BOYS', 'II', 147, 0),
('VIJAYENDRAN R', '921022105029', 'DRAGON WARRIORS', 'EEE', 'BOYS', 'II', 148, 0),
('DARUNKUMAR K', '2023FEE035', 'DRAGON WARRIORS', 'EEE', 'BOYS', 'I', 149, 0),
('KARTHICKRAJAN T', '2023FEE019', 'DRAGON WARRIORS', 'EEE', 'BOYS', 'I', 150, 0),
('MOHAMED NOWFIL A', '2023FEE008', 'DRAGON WARRIORS', 'EEE', 'BOYS', 'I', 151, 0),
('SIVASURYAPRAKASH M', '2023FEE013', 'DRAGON WARRIORS', 'EEE', 'BOYS', 'I', 152, 0),
('YUVARAJ P', '2023FEE014', 'DRAGON WARRIORS', 'EEE', 'BOYS', 'I', 153, 0),
('NAVEEN BHARATHI B', '921022205011', 'DRAGON WARRIORS', 'IT', 'BOYS', 'II', 154, 1),
('SATHYA SEELAN M', '921022205019', 'DRAGON WARRIORS', 'IT', 'BOYS', 'II', 155, 1),
('YOHITHKUMAR R', '921022205026', 'DRAGON WARRIORS', 'IT', 'BOYS', 'II', 156, 1),
('YOKESHKUMAR R', '2023FIT026', 'DRAGON WARRIORS', 'IT', 'BOYS', 'I', 157, 0),
('MATHAVAN M', '2022LME055', 'DRAGON WARRIORS', 'MECH', 'BOYS', 'III', 158, 0),
('ASHOK KUMAR S', '921020114004', 'DRAGON WARRIORS', 'MECH', 'BOYS', 'IV', 159, 1),
('GOWTHAM P', '921020114009', 'DRAGON WARRIORS', 'MECH', 'BOYS', 'IV', 160, 1),
('JAI SURIYA J', '921020114013', 'DRAGON WARRIORS', 'Mech', 'BOYS', 'IV', 161, 1),
('MOHANKUMAR S', '921020114017', 'DRAGON WARRIORS', 'MECH', 'BOYS', 'IV', 162, 1),
('PRAWIN RAJ B', '921020114021', 'DRAGON WARRIORS', 'MECH', 'BOYS', 'IV', 163, 0),
('VETRISELVAN S', '921020114025', 'DRAGON WARRIORS', 'MECH', 'BOYS', 'IV', 164, 0),
('SEBASTINRENI A', '921020114302', 'DRAGON WARRIORS', 'MECH', 'BOYS', 'IV', 165, 0),
('DHANUSHWAR G', '921021114003', 'DRAGON WARRIORS', 'MECH', 'BOYS', 'III', 166, 1),
('HARIMUTHUKRISHNAN K', '921021114008', 'DRAGON WARRIORS', 'MECH', 'BOYS', 'III', 167, 1),
('KESAVAN V', '921021114012', 'DRAGON WARRIORS', 'MECH', 'BOYS', 'III', 168, 0),
('MOUNA RAHUL R', '921021114018', 'DRAGON WARRIORS', 'MECH', 'BOYS', 'III', 169, 1),
('PANDIAN K', '921021114022', 'DRAGON WARRIORS', 'MECH', 'BOYS', 'III', 170, 0),
('RANJITH S', '921021114028', 'DRAGON WARRIORS', 'MECH', 'BOYS', 'III', 171, 0),
('SARAVANA KUMAR S', '921021114032', 'DRAGON WARRIORS', 'MECH', 'BOYS', 'III', 172, 0),
('SRIRAM M', '921021114036', 'DRAGON WARRIORS', 'MECH', 'BOYS', 'III', 173, 1),
('SURYA NARAYANAN V', '921021114041', 'DRAGON WARRIORS', 'MECH', 'BOYS', 'III', 174, 0),
('VIGNESHWARAN R', '921021114046', 'DRAGON WARRIORS', 'MECH', 'BOYS', 'III', 175, 0),
('ARAVIND D', '921022114001', 'DRAGON WARRIORS', 'MECH', 'BOYS', 'II', 176, 0),
('DINESH A', '921022114005', 'DRAGON WARRIORS', 'MECH', 'BOYS', 'II', 177, 0),
('GURUPRASATH K', '921022114009', 'DRAGON WARRIORS', 'MECH', 'BOYS', 'II', 178, 0),
('LOGESHWARAN O', '921022114014', 'DRAGON WARRIORS', 'MECH', 'BOYS', 'II', 179, 0),
('PERUMAL T', '921022114019', 'DRAGON WARRIORS', 'MECH', 'BOYS', 'II', 180, 0),
('SURESH K', '921022114023', 'DRAGON WARRIORS', 'MECH', 'BOYS', 'II', 181, 0),
('DHIYANESH K', '2023FME004', 'DRAGON WARRIORS', 'MECH', 'BOYS', 'I', 182, 0),
('RAJESH KUMAR M', '2023FME012', 'DRAGON WARRIORS', 'MECH', 'BOYS', 'I', 183, 0),
('VASIMALAIKANNAN S', '2023FME006', 'DRAGON WARRIORS', 'MECH', 'BOYS', 'I', 184, 0),
('JAYA GOKUL M', '921022243009', 'PHOENIX BLASTERS', 'AI', 'BOYS', 'II', 185, 1),
('PARI VIGNESH D S', '921022243014', 'PHOENIX BLASTERS', 'AI', 'BOYS', 'II', 186, 1),
('AJAY PRASATH K', '2023FAI020', 'PHOENIX BLASTERS', 'AI', 'BOYS', 'I', 187, 0),
('LOGESHKUMAR R', '2023FAI023', 'PHOENIX BLASTERS', 'AI', 'BOYS', 'I', 188, 0),
('YOKESH J', '2023FAI002', 'PHOENIX BLASTERS', 'AI', 'BOYS', 'I', 189, 0),
('AHAMED ARSATH T', '921020103301', 'PHOENIX BLASTERS', 'CE', 'BOYS', 'IV', 190, 0),
('DHINESHKUMAR V', '921021103008', 'PHOENIX BLASTERS', 'CE', 'BOYS', 'III', 191, 0),
('SANTHANAKARUPPAN A', '921021103022', 'PHOENIX BLASTERS', 'CE', 'BOYS', 'III', 192, 0),
('JEGAN P', '921022103006', 'PHOENIX BLASTERS', 'CE', 'BOYS', 'II', 193, 1),
('SANTHOSHKUMAR R', '921022103018', 'PHOENIX BLASTERS', 'CE', 'BOYS', 'II', 194, 0),
('SUDARNILAVAN N', '921022103022', 'PHOENIX BLASTERS', 'CE', 'BOYS', 'II', 195, 0),
('DIVAKAR M', '2023FCE004', 'PHOENIX BLASTERS', 'CE', 'BOYS', 'I', 196, 0),
('JEGANATH M', '2023FCE007', 'PHOENIX BLASTERS', 'CE', 'BOYS', 'I', 197, 0),
('YOGESH S', '921021104701', 'PHOENIX BLASTERS', 'CSE', 'BOYS', 'III', 198, 1),
('DHANUSKAR S', '921020104013', 'PHOENIX BLASTERS', 'CSE', 'BOYS', 'IV', 199, 1),
('MADAVAN K', '921020104028', 'PHOENIX BLASTERS', 'CSE', 'BOYS', 'IV', 200, 1),
('PARTHIBAN R', '921020104034', 'PHOENIX BLASTERS', 'CSE', 'BOYS', 'IV', 201, 1),
('REVANTHRAMESH S', '921020104040', 'PHOENIX BLASTERS', 'CSE', 'BOYS', 'IV', 202, 1),
('SIVAKUMAR K', '921020104050', 'PHOENIX BLASTERS', 'CSE', 'BOYS', 'IV', 203, 1),
('VIDHYA SAGAR S', '921020104058', 'PHOENIX BLASTERS', 'CSE', 'BOYS', 'IV', 204, 1),
('KEVIN ARUL RAJA  A', '921021104018', 'PHOENIX BLASTERS', 'CSE', 'BOYS', 'III', 205, 1),
('PRASANNA V', '921021104033', 'PHOENIX BLASTERS', 'CSE', 'BOYS', 'III', 206, 1),
('SARAN S', '921021104045', 'PHOENIX BLASTERS', 'CSE', 'BOYS', 'III', 207, 1),
('VINISHA M', '921021104055', 'GALACTIC STARS', 'CSE', 'GIRLS', 'III', 208, 1),
('CHANDISH S', '921022104009', 'PHOENIX BLASTERS', 'CSE', 'BOYS', 'II', 209, 0),
('MATHAN M', '921022104028', 'PHOENIX BLASTERS', 'CSE', 'BOYS', 'II', 210, 1),
('RAVINTHAR A', '921022104038', 'PHOENIX BLASTERS', 'CSE', 'BOYS', 'II', 211, 1),
('VIJAY AKASH M', '921022104056', 'PHOENIX BLASTERS', 'CSE', 'BOYS', 'II', 212, 1),
('BALADINESH K', '2023FCS012', 'PHOENIX BLASTERS', 'CSE', 'BOYS', 'I', 213, 0),
('MUHESH KANNA M', '2023FCS020', 'PHOENIX BLASTERS', 'CSE', 'BOYS', 'I', 214, 0),
('PRAVEEN K C', '2023FCS028', 'PHOENIX BLASTERS', 'CSE', 'BOYS', 'I', 215, 0),
('SRI KESAVAN S', '2023FCS032', 'PHOENIX BLASTERS', 'CSE', 'BOYS', 'I', 216, 0),
('BALAJI S', '921020106004', 'PHOENIX BLASTERS', 'ECE', 'BOYS', 'IV', 217, 1),
('SANTHOSH D', '921020106032', 'PHOENIX BLASTERS', 'ECE', 'BOYS', 'IV', 218, 1),
('THAYUMANA SELVAM S', '921020106041', 'PHOENIX BLASTERS', 'ECE', 'BOYS', 'IV', 219, 1),
('ARUNPANDI C', '921021106004', 'PHOENIX BLASTERS', 'ECE', 'BOYS', 'III', 220, 1),
('JEYAKUMAR M', '921021106012', 'PHOENIX BLASTERS', 'ECE', 'BOYS', 'III', 221, 1),
('RAMACHANDRAN S', '921021106017', 'PHOENIX BLASTERS', 'ECE', 'BOYS', 'III', 222, 1),
('VEERAKALEESWARAN P', '921021106031', 'PHOENIX BLASTERS', 'ECE', 'BOYS', 'III', 223, 1),
('DHARSHAN V', '921022106013', 'PHOENIX BLASTERS', 'ECE', 'BOYS', 'II', 224, 1),
('MANISH N', '921022106033', 'PHOENIX BLASTERS', 'ECE', 'BOYS', 'II', 225, 1),
('SAMYKUMAR S', '921022106045', 'PHOENIX BLASTERS', 'ECE', 'BOYS', 'II', 226, 1),
('YOGESH K', '921022106058', 'PHOENIX BLASTERS', 'ECE', 'BOYS', 'II', 227, 1),
('ANTON MATTEW A', '2023FEC027', 'PHOENIX BLASTERS', 'ECE', 'BOYS', 'I', 228, 1),
('KARTHICK V', '2023FEC021', 'PHOENIX BLASTERS', 'ECE', 'BOYS', 'I', 229, 0),
('SANKARA NARAYANAN S', '2023FEC043', 'PHOENIX BLASTERS', 'ECE', 'BOYS', 'I', 230, 0),
('RAVIKUMAR M', '2022LEE036', 'PHOENIX BLASTERS', 'EEE', 'BOYS', 'III', 231, 0),
('KARTHIKEYAN S', '921020105008', 'PHOENIX BLASTERS', 'EEE', 'BOYS', 'IV', 232, 1),
('PRAKATHEESWARAN M', '921020105018', 'PHOENIX BLASTERS', 'EEE', 'BOYS', 'IV', 233, 1),
('KESAVARAYAN E', '921020105303', 'PHOENIX BLASTERS', 'EEE', 'BOYS', 'IV', 234, 1),
('MUTHUALAGAN R', '921021105013', 'PHOENIX BLASTERS', 'EEE', 'BOYS', 'III', 235, 1),
('UDHAYAKUMAR V', '921021105028', 'PHOENIX BLASTERS', 'EEE', 'BOYS', 'III', 236, 1),
('AZHAGU RENGAN N', '921022105003', 'PHOENIX BLASTERS', 'EEE', 'BOYS', 'II', 237, 0),
('NITHIYANANTHAM M', '921022105015', 'PHOENIX BLASTERS', 'EEE', 'BOYS', 'II', 238, 1),
('SRIHARISHKUMAR C', '921022105022', 'PHOENIX BLASTERS', 'EEE', 'BOYS', 'II', 239, 0),
('YOGESH PANDI S', '921022105031', 'PHOENIX BLASTERS', 'EEE', 'BOYS', 'II', 240, 1),
('DHARUNRAJ K', '2023FEE010', 'PHOENIX BLASTERS', 'EEE', 'BOYS', 'I', 241, 0),
('KATHIRVELSAMY S', '2023FEE005', 'PHOENIX BLASTERS', 'EEE', 'BOYS', 'I', 242, 0),
('PRAKASH K', '2023FEE031', 'PHOENIX BLASTERS', 'EEE', 'BOYS', 'I', 243, 0),
('VIDHYA SAGAR P', '2023FEE004', 'PHOENIX BLASTERS', 'EEE', 'BOYS', 'I', 244, 0),
('AASWIN JS', '921022205001', 'PHOENIX BLASTERS', 'IT', 'BOYS', 'II', 245, 1),
('PARAMESHWAR N S', '921022205013', 'PHOENIX BLASTERS', 'IT', 'BOYS', 'II', 246, 1),
('SRI HARI PRASATH  A', '921022205021', 'PHOENIX BLASTERS', 'IT', 'BOYS', 'II', 247, 1),
('PANDIYARAJAN K', '2023FIT003', 'PHOENIX BLASTERS', 'IT', 'BOYS', 'I', 248, 0),
('RAMRAJ M', '2023LME028', 'PHOENIX BLASTERS', 'MECH', 'BOYS', 'II', 249, 0),
('AHAMED APSAL S', '921020114001', 'PHOENIX BLASTERS', 'MECH', 'BOYS', 'IV', 250, 0),
('BUVANESH KUMAR V', '921020114005', 'PHOENIX BLASTERS', 'MECH', 'BOYS', 'IV', 251, 0),
('GUNASEELAN P', '921020114010', 'PHOENIX BLASTERS', 'MECH', 'BOYS', 'IV', 252, 1),
('KESAVAN KARUPPASAMY G', '921020114014', 'PHOENIX BLASTERS', 'MECH', 'BOYS', 'IV', 253, 1),
('MOHAN RAJ N', '921020114018', 'PHOENIX BLASTERS', 'MECH', 'BOYS', 'IV', 254, 1),
('PUVANESH S', '921020114022', 'PHOENIX BLASTERS', 'MECH', 'BOYS', 'IV', 255, 0),
('VISHNU PRASATH R', '921020114026', 'PHOENIX BLASTERS', 'MECH', 'BOYS', 'IV', 256, 1),
('VISWA J', '921020114303', 'PHOENIX BLASTERS', 'MECH', 'BOYS', 'IV', 257, 0),
('DHARMA SURYA D', '921021114004', 'PHOENIX BLASTERS', 'MECH', 'BOYS', 'III', 258, 1),
('HARISH P', '921021114009', 'PHOENIX BLASTERS', 'MECH', 'BOYS', 'III', 259, 1),
('KISHORE KUMAR G K', '921021114013', 'PHOENIX BLASTERS', 'MECH', 'BOYS', 'III', 260, 0),
('MUTHUSELVAM G', '921021114019', 'PHOENIX BLASTERS', 'MECH', 'BOYS', 'III', 261, 0),
('PAZHANIMURUGAN C', '921021114024', 'PHOENIX BLASTERS', 'MECH', 'BOYS', 'III', 262, 0),
('SANJAI A', '921021114029', 'PHOENIX BLASTERS', 'MECH', 'BOYS', 'III', 263, 0),
('SASIKUMAR R', '921021114033', 'PHOENIX BLASTERS', 'MECH', 'BOYS', 'III', 264, 0),
('SUNDAR M', '921021114037', 'PHOENIX BLASTERS', 'MECH', 'BOYS', 'III', 265, 0),
('VAIRAVAN S', '921021114042', 'PHOENIX BLASTERS', 'MECH', 'BOYS', 'III', 266, 0),
('VIJAY J', '921021114047', 'PHOENIX BLASTERS', 'MECH', 'BOYS', 'III', 267, 1),
('ARJUN S', '921022114002', 'PHOENIX BLASTERS', 'MECH', 'BOYS', 'II', 268, 0),
('DINESH BABU R', '921022114006', 'PHOENIX BLASTERS', 'MECH', 'BOYS', 'II', 269, 0),
('JANARTHANAN A', '921022114011', 'PHOENIX BLASTERS', 'MECH', 'BOYS', 'II', 270, 0),
('MANIKKAM  V', '921022114015', 'PHOENIX BLASTERS', 'MECH', 'BOYS', 'II', 271, 0),
('PRABHU M', '921022114020', 'PHOENIX BLASTERS', 'MECH', 'BOYS', 'II', 272, 0),
('VIGNESH M', '921022114024', 'PHOENIX BLASTERS', 'MECH', 'BOYS', 'II', 273, 0),
('HARI RAM R', '2023FME005', 'PHOENIX BLASTERS', 'MECH', 'BOYS', 'I', 274, 0),
('SANJAY K', '2023FME007', 'PHOENIX BLASTERS', 'MECH', 'BOYS', 'I', 275, 0),
('YOGESH G', '2023FME011', 'PHOENIX BLASTERS', 'MECH', 'BOYS', 'I', 276, 0),
('KARAN S', '921022243010', 'TIGER THRASHERS', 'AI', 'BOYS', 'II', 277, 1),
('PRANAV S ', '921022243015', 'TIGER THRASHERS', 'AI', 'BOYS', 'II', 278, 0),
('BALAJI B', '2023FAI025', 'TIGER THRASHERS', 'AI', 'BOYS', 'I', 279, 0),
('RUUBANRAJ R', '2023FAI007', 'TIGER THRASHERS', 'AI', 'BOYS', 'I', 280, 0),
('ABUBAKAR SITTIK S', '2023LCE025', 'TIGER THRASHERS', 'CE', 'BOYS', 'II', 281, 0),
('MAHEE AJMEER A', '921020103302', 'TIGER THRASHERS', 'CE', 'BOYS', 'IV', 282, 1),
('KARUNAKARAN R', '921021103012', 'TIGER THRASHERS', 'CE', 'BOYS', 'III', 283, 0),
('MOHAMMED HISHAN MUBARAK PMC ', '921021103301', 'TIGER THRASHERS', 'CE', 'BOYS', 'III', 284, 0),
('PANDISELVAM T', '921022103013', 'TIGER THRASHERS', 'CE', 'BOYS', 'II', 285, 1),
('SIDHARTH K', '921022103019', 'TIGER THRASHERS', 'CE', 'BOYS', 'II', 286, 1),
('VIGNESHKUMAR M', '921022103024', 'TIGER THRASHERS', 'CE', 'BOYS', 'II', 287, 0),
('GANESAN C', '2023FCE009', 'TIGER THRASHERS', 'CE', 'BOYS', 'I', 288, 0),
('KABILAN E T', '2023FCE018', 'TIGER THRASHERS', 'CE', 'BOYS', 'I', 289, 0),
('ARJUNYUVANESH R', '921020104006', 'TIGER THRASHERS', 'CSE', 'BOYS', 'IV', 290, 1),
('HARIHARAA S', '921020104017', 'TIGER THRASHERS', 'CSE', 'BOYS', 'IV', 291, 1),
('MOHAMMAD JAVID A R', '921020104031', 'TIGER THRASHERS', 'CSE', 'BOYS', 'IV', 292, 1),
('PRAVEEN KUMAR M', '921020104036', 'TIGER THRASHERS', 'CSE', 'BOYS', 'IV', 293, 1),
('SACHIN S', '921020104041', 'TIGER THRASHERS', 'CSE', 'BOYS', 'IV', 294, 1),
('TAMILRAM G', '921020104054', 'TIGER THRASHERS', 'CSE', 'BOYS', 'IV', 295, 1),
('ABISHECK B', '921021104001', 'TIGER THRASHERS', 'CSE', 'BOYS', 'III', 296, 1),
('LISANTH V', '921021104021', 'TIGER THRASHERS', 'CSE', 'BOYS', 'III', 297, 1),
('RAM KUMAR S', '921021104036', 'TIGER THRASHERS', 'CSE', 'BOYS', 'III', 298, 1),
('SURESHBABU K', '921021104049', 'TIGER THRASHERS', 'CSE', 'BOYS', 'III', 299, 1),
('YOGESHWARAN J', '921021104056', 'TIGER THRASHERS', 'CSE', 'BOYS', 'III', 300, 1),
('DHANUSH D', '921022104010', 'TIGER THRASHERS', 'CSE', 'BOYS', 'II', 301, 1),
('MIRUTHYUNJAY J A', '921022104029', 'TIGER THRASHERS', 'CSE', 'BOYS', 'II', 302, 1),
('RITHISH V', '921022104040', 'TIGER THRASHERS', 'CSE', 'BOYS', 'II', 303, 1),
('YOGESHWARAN M', '921022104059', 'TIGER THRASHERS', 'CSE', 'BOYS', 'II', 304, 1),
('HARISH PRAJEETH A S', '2023FCS044', 'TIGER THRASHERS', 'CSE', 'BOYS', 'I', 305, 0),
('MUZZAMED AHAMED S', '2023FCS007', 'TIGER THRASHERS', 'CSE', 'BOYS', 'I', 306, 0),
('RAGUL S', '2023FCS010', 'TIGER THRASHERS', 'CSE', 'BOYS', 'I', 307, 0),
('SRIKARAN G', '2023FCS040', 'TIGER THRASHERS', 'CSE', 'BOYS', 'I', 308, 0),
('JEGADESH S', '921020106015', 'TIGER THRASHERS', 'ECE', 'BOYS', 'IV', 309, 0),
('SARAVANAPANDI A', '921020106033', 'TIGER THRASHERS', 'ECE', 'BOYS', 'IV', 310, 1),
('ASHWIN VENGAT G', '921020106301', 'TIGER THRASHERS', 'ECE', 'BOYS', 'IV', 311, 1),
('DEEPAK KUMAR V', '921021106006', 'TIGER THRASHERS', 'ECE', 'BOYS', 'III', 312, 1),
('KARTHIKEYAN S', '921021106013', 'TIGER THRASHERS', 'ECE', 'BOYS', 'III', 313, 1),
('SABAREESHWARAN S', '921021106020', 'TIGER THRASHERS', 'ECE', 'BOYS', 'III', 314, 1),
('ARUNESH PANDI S', '921022106007', 'TIGER THRASHERS', 'ECE', 'BOYS', 'II', 315, 1),
('JEYARAM S', '921022106023', 'TIGER THRASHERS', 'ECE', 'BOYS', 'II', 316, 1),
('MOHAMED SALMAN A', '921022106035', 'TIGER THRASHERS', 'ECE', 'BOYS', 'II', 317, 1),
('SUHAIL AKTHAR M', '921022106053', 'TIGER THRASHERS', 'ECE', 'BOYS', 'II', 318, 0),
('AATHEESWARAN M', '2023FEC032', 'TIGER THRASHERS', 'ECE', 'BOYS', 'I', 319, 0),
('GOBINATH M', '2023FEC026', 'TIGER THRASHERS', 'ECE', 'BOYS', 'I', 320, 0),
('KARTHIKRAJA V', '2023FEC048', 'TIGER THRASHERS', 'ECE', 'BOYS', 'I', 321, 0),
('SUGESH RAM R', '2023FEC035', 'TIGER THRASHERS', 'ECE', 'BOYS', 'I', 322, 0),
('SADHAM RAJA M', '2022LEE037', 'TIGER THRASHERS', 'EEE', 'BOYS', 'III', 323, 0),
('KAVIYARASAN K', '921020105009', 'TIGER THRASHERS', 'EEE', 'BOYS', 'IV', 324, 1),
('SUNIL KRISHNA T S S S', '921020105019', 'TIGER THRASHERS', 'EEE', 'BOYS', 'IV', 325, 1),
('BHARATHWAJ S', '921021105002', 'TIGER THRASHERS', 'EEE', 'BOYS', 'III', 326, 1),
('NAGAPRABU S', '921021105017', 'TIGER THRASHERS', 'EEE', 'BOYS', 'III', 327, 1),
('VELAN  S', '921021105029', 'TIGER THRASHERS', 'EEE', 'BOYS', 'III', 328, 1),
('KIRUTHIK RAM R', '921022105006', 'TIGER THRASHERS', 'EEE', 'BOYS', 'II', 329, 1),
('RAJESH R', '921022105016', 'TIGER THRASHERS', 'EEE', 'BOYS', 'II', 330, 0),
('THANIYAL M', '921022105026', 'TIGER THRASHERS', 'EEE', 'BOYS', 'II', 331, 0),
('AKASH S', '2023FEE026', 'TIGER THRASHERS', 'EEE', 'BOYS', 'I', 332, 0),
('GANESHKUMAR K', '2023FEE016', 'TIGER THRASHERS', 'EEE', 'BOYS', 'I', 333, 0),
('KAVIN ASWATH S', '2023FEE018', 'TIGER THRASHERS', 'EEE', 'BOYS', 'I', 334, 0),
('RAJESHWARAN G', '2023FEE009', 'TIGER THRASHERS', 'EEE', 'BOYS', 'I', 335, 1),
('VINOTH G', '2023FEE017', 'TIGER THRASHERS', 'EEE', 'BOYS', 'I', 336, 0),
('GOWSIK P', '921022205005', 'TIGER THRASHERS', 'IT', 'BOYS', 'II', 337, 0),
('PRAVIN K', '921022205014', 'TIGER THRASHERS', 'IT', 'BOYS', 'II', 338, 1),
('SURYAPRAKASH A', '921022205022', 'TIGER THRASHERS', 'IT', 'BOYS', 'II', 339, 1),
('RISHIKESH K', '2023FIT017', 'TIGER THRASHERS', 'IT', 'BOYS', 'I', 340, 0),
('RAMACHANDRAN R', '2022LME053', 'TIGER THRASHERS', 'MECH', 'BOYS', 'III', 341, 0),
('AMRITSRINITHIHARIRAJAN A', '921020114002', 'TIGER THRASHERS', 'MECH', 'BOYS', 'IV', 342, 0),
('DIVAGAR M', '921020114006', 'TIGER THRASHERS', 'MECH', 'BOYS', 'IV', 343, 1),
('HARI S', '921020114011', 'TIGER THRASHERS', 'MECH', 'BOYS', 'IV', 344, 1),
('MANOJ KUMAR V', '921020114015', 'TIGER THRASHERS', 'MECH', 'BOYS', 'IV', 345, 0),
('NAVEENKUMAR K', '921020114019', 'TIGER THRASHERS', 'MECH', 'BOYS', 'IV', 346, 1),
('SIVALINGESWARAN V', '921020114023', 'TIGER THRASHERS', 'MECH', 'BOYS', 'IV', 347, 1),
('VISWANATHAN S', '921020114027', 'TIGER THRASHERS', 'MECH', 'BOYS', 'IV', 348, 0),
('AJITH G', '921021114001', 'TIGER THRASHERS', 'MECH', 'BOYS', 'III', 349, 1),
('GOKUL R', '921021114006', 'TIGER THRASHERS', 'MECH', 'BOYS', 'III', 350, 1),
('HARISH S', '921021114010', 'TIGER THRASHERS', 'MECH', 'BOYS', 'III', 351, 0),
('MANIMARAN V', '921021114015', 'TIGER THRASHERS', 'MECH', 'BOYS', 'III', 352, 0),
('NARENKARTHICK M K', '921021114020', 'TIGER THRASHERS', 'MECH', 'BOYS', 'III', 353, 1),
('PERUMALSWAMY M', '921021114025', 'TIGER THRASHERS', 'MECH', 'BOYS', 'III', 354, 0),
('SANJAY KUMAR C', '921021114030', 'TIGER THRASHERS', 'MECH', 'BOYS', 'III', 355, 0),
('SETHUPATHI S', '921021114034', 'TIGER THRASHERS', 'MECH', 'BOYS', 'III', 356, 0),
('SURENDRAN V', '921021114039', 'TIGER THRASHERS', 'MECH', 'BOYS', 'III', 357, 0),
('VASANTHA KUMAR K', '921021114043', 'TIGER THRASHERS', 'MECH', 'BOYS', 'III', 358, 0),
('YUVARAJ K A', '921021114049', 'TIGER THRASHERS', 'MECH', 'BOYS', 'III', 359, 1),
('AZHAHAR M', '921022114003', 'TIGER THRASHERS', 'MECH', 'BOYS', 'II', 360, 0),
('GOKUL R', '921022114007', 'TIGER THRASHERS', 'MECH', 'BOYS', 'II', 361, 0),
('KARTHICK RAJA B', '921022114012', 'TIGER THRASHERS', 'MECH', 'BOYS', 'II', 362, 0),
('MOHAMMED NAWFAL S', '921022114017', 'TIGER THRASHERS', 'MECH', 'BOYS', 'II', 363, 0),
('RITHEESHKUMAR S', '921022114021', 'TIGER THRASHERS', 'MECH', 'BOYS', 'II', 364, 1),
('VISAGAN R', '921022114025', 'TIGER THRASHERS', 'MECH', 'BOYS', 'II', 365, 1),
('KARUTHAPANDI E', '2023FME001', 'TIGER THRASHERS', 'MECH', 'BOYS', 'I', 366, 0),
('SATHISH P', '2023FME008', 'TIGER THRASHERS', 'MECH', 'BOYS', 'I', 367, 0),
('AKSHAYA K', '921022243003', 'ROSY RIDERS', 'AI', 'GIRLS', 'II', 369, 1),
('KEERTHANA T', '921022243011', 'ROSY RIDERS', 'AI', 'GIRLS', 'II', 370, 1),
('SHRI HARINI S', '921022243021', 'ROSY RIDERS', 'AI', 'GIRLS', 'II', 371, 1),
('ANJALI S', '2023FAI024', 'ROSY RIDERS', 'AI', 'GIRLS', 'I', 372, 0),
('MALAR VIZHI S', '2023FAI022', 'ROSY RIDERS', 'AI', 'GIRLS', 'I', 373, 0),
('RAJA PRABA R', '2023FAI014', 'ROSY RIDERS', 'AI', 'GIRLS', 'I', 374, 0),
('SUSMITHA S', '2023FAI008', 'ROSY RIDERS', 'AI', 'GIRLS', 'I', 375, 0),
('YUKTHA S', '2023FAI006', 'ROSY RIDERS', 'AI', 'GIRLS', 'I', 376, 0),
('PRATHIKSHA R', '921020103007', 'ROSY RIDERS', 'CE', 'GIRLS', 'IV', 377, 0),
('DHANALAKSHMI S', '921021103006', 'ROSY RIDERS', 'CE', 'GIRLS', 'III', 378, 1),
('HEMA T', '921021103011', 'ROSY RIDERS', 'CE', 'GIRLS', 'III', 379, 0),
('MOHANA I', '921021103018', 'ROSY RIDERS', 'CE', 'GIRLS', 'III', 380, 0),
('VELLINILA S', '921021103026', 'ROSY RIDERS', 'CE', 'GIRLS', 'III', 381, 1),
('AJANTHA A', '921022103001', 'ROSY RIDERS', 'CE', 'GIRLS', 'II', 382, 1),
('JINIRA FATHIMA S', '921022103008', 'ROSY RIDERS', 'CE', 'GIRLS', 'II', 383, 1),
('PRIYADHARSHINI K', '921022103017', 'ROSY RIDERS', 'CE', 'GIRLS', 'II', 384, 1),
('HEMAPRIYA K', '2023FCE011', 'ROSY RIDERS', 'CE', 'GIRLS', 'I', 385, 0),
('PRABHA S', '2023FCE015', 'ROSY RIDERS', 'CE', 'GIRLS', 'I', 386, 0),
('YUVETHA SREE G', '2023FCE014', 'ROSY RIDERS', 'CE', 'GIRLS', 'I', 387, 0),
('AISHWARYA B', '921020104002', 'ROSY RIDERS', 'CSE', 'GIRLS', 'IV', 388, 1),
('BAVITHRA S', '921020104008', 'ROSY RIDERS', 'CSE', 'GIRLS', 'IV', 389, 1),
('DHARSHINI S', '921020104014', 'ROSY RIDERS', 'CSE', 'GIRLS', 'IV', 390, 1),
('HARSHINI J T', '921020104019', 'ROSY RIDERS', 'CSE', 'GIRLS', 'IV', 391, 0),
('JENIFAR FATHIMA H', '921020104023', 'ROSY RIDERS', 'CSE', 'GIRLS', 'IV', 392, 1),
('MANUSRI M', '921020104030', 'ROSY RIDERS', 'CSE', 'GIRLS', 'IV', 393, 1),
('SAKTHI BHARATHI K', '921020104043', 'ROSY RIDERS', 'CSE', 'GIRLS', 'IV', 394, 1),
('SHRUTHI V R', '921020104049', 'ROSY RIDERS', 'CSE', 'GIRLS', 'IV', 395, 1),
('VARSHINI P', '921020104056', 'ROSY RIDERS', 'CSE', 'GIRLS', 'IV', 396, 1),
('BHARATHI C', '921021104003', 'ROSY RIDERS', 'CSE', 'GIRLS', 'III', 397, 0),
('DEVI R', '921021104007', 'ROSY RIDERS', 'CSE', 'GIRLS', 'III', 398, 1),
('GOWSALYA N', '921021104012', 'ROSY RIDERS', 'CSE', 'GIRLS', 'III', 399, 1),
('JENNATHFIRTHOSE M', '921021104016', 'ROSY RIDERS', 'CSE', 'GIRLS', 'III', 400, 1),
('LUCKYMALATHI L', '921021104023', 'ROSY RIDERS', 'CSE', 'GIRLS', 'III', 401, 1),
('MEENAKSHI R', '921021104027', 'ROSY RIDERS', 'CSE', 'GIRLS', 'III', 402, 0),
('PUNITHA S', '921021104035', 'ROSY RIDERS', 'CSE', 'GIRLS', 'III', 403, 1),
('RIFAYA BANU N', '921021104041', 'ROSY RIDERS', 'CSE', 'GIRLS', 'III', 404, 1),
('SOWMIYA M', '921021104047', 'ROSY RIDERS', 'CSE', 'GIRLS', 'III', 405, 1),
('UVASRI K', '921021104053', 'ROSY RIDERS', 'CSE', 'GIRLS', 'III', 406, 1),
('AKSHAYA N S', '921022104004', 'ROSY RIDERS', 'CSE', 'GIRLS', 'II', 407, 0),
('FARHANA BANU K', '921022104011', 'ROSY RIDERS', 'CSE', 'GIRLS', 'II', 408, 1),
('HARINI J', '921022104016', 'ROSY RIDERS', 'CSE', 'GIRLS', 'II', 409, 0),
('KARUNYA JOTHIKA S', '921022104020', 'ROSY RIDERS', 'CSE', 'GIRLS', 'II', 410, 0),
('KUZHALI E', '921022104024', 'ROSY RIDERS', 'CSE', 'GIRLS', 'II', 411, 1),
('NANTHIDHA S', '921022104031', 'ROSY RIDERS', 'CSE', 'GIRLS', 'II', 412, 0),
('PUNITHA B', '921022104036', 'ROSY RIDERS', 'CSE', 'GIRLS', 'II', 413, 1),
('SONIYA N', '921022104045', 'ROSY RIDERS', 'CSE', 'GIRLS', 'II', 414, 0),
('SUBIKSHAA S', '921022104049', 'ROSY RIDERS', 'CSE', 'GIRLS', 'II', 415, 0),
('SWATHI K', '921022104053', 'ROSY RIDERS', 'CSE', 'GIRLS', 'II', 416, 1),
('VINYAA SREE P G', '921022104058', 'ROSY RIDERS', 'CSE', 'GIRLS', 'II', 417, 0),
('AKSHAYA SHRI K', '2023FCS033', 'ROSY RIDERS', 'CSE', 'GIRLS', 'I', 418, 0),
('HARINI M', '2023FCS022', 'ROSY RIDERS', 'CSE', 'GIRLS', 'I', 419, 0),
('KALEESWARI V', '2023FCS002', 'ROSY RIDERS', 'CSE', 'GIRLS', 'I', 420, 0),
('MONAA SHREE S', '2023FCS013', 'ROSY RIDERS', 'CSE', 'GIRLS', 'I', 421, 0),
('PRIYADHARSHINI M', '2023FCS025', 'ROSY RIDERS', 'CSE', 'GIRLS', 'I', 422, 0),
('RUTHRADEVI R', '2023FCS016', 'ROSY RIDERS', 'CSE', 'GIRLS', 'I', 423, 0),
('SUSITHRA J B', '2023FCS045', 'ROSY RIDERS', 'CSE', 'GIRLS', 'I', 424, 0),
('VASUTHA T', '2023FCS050', 'ROSY RIDERS', 'CSE', 'GIRLS', 'I', 425, 0),
('AJANTHAMEENA S', '921020106003', 'ROSY RIDERS', 'ECE', 'GIRLS', 'IV', 426, 1),
('DEEPA G', '921020106008', 'ROSY RIDERS', 'ECE', 'GIRLS', 'IV', 427, 1),
('HEMARAHINI K', '921020106013', 'ROSY RIDERS', 'ECE', 'GIRLS', 'IV', 428, 1),
('MANISHA M', '921020106020', 'ROSY RIDERS', 'ECE', 'GIRLS', 'IV', 429, 1),
('NANDHINI M', '921020106024', 'ROSY RIDERS', 'ECE', 'GIRLS', 'IV', 430, 1),
('RACHEL J', '921020106028', 'ROSY RIDERS', 'ECE', 'GIRLS', 'IV', 431, 1),
('SARO VARSHNI S', '921020106034', 'ROSY RIDERS', 'ECE', 'GIRLS', 'IV', 432, 1),
('SOUNDARYA N', '921020106040', 'ROSY RIDERS', 'ECE', 'GIRLS', 'IV', 433, 1),
('ABARNA LAKSHMI E', '921021106001', 'ROSY RIDERS', 'ECE', 'GIRLS', 'III', 434, 1),
('DEVADHARSINI V', '921021106007', 'ROSY RIDERS', 'ECE', 'GIRLS', 'III', 435, 1),
('RAMYA B', '921021106018', 'ROSY RIDERS', 'ECE', 'GIRLS', 'III', 436, 1),
('SHABARNA K', '921021106025', 'ROSY RIDERS', 'ECE', 'GIRLS', 'III', 437, 1),
('THENMOZHI K', '921021106029', 'ROSY RIDERS', 'ECE', 'GIRLS', 'III', 438, 1),
('ABIRAMI R', '921022106003', 'ROSY RIDERS', 'ECE', 'GIRLS', 'II', 439, 1),
('ATCHAYA A', '921022106008', 'ROSY RIDERS', 'ECE', 'GIRLS', 'II', 440, 1),
('GAYATHRI G', '921022106015', 'ROSY RIDERS', 'ECE', 'GIRLS', 'II', 441, 0),
('HEMITHA S', '921022106019', 'ROSY RIDERS', 'ECE', 'GIRLS', 'II', 442, 1),
('JEYASAKTHI G', '921022106024', 'ROSY RIDERS', 'ECE', 'GIRLS', 'II', 443, 0),
('KAVIYASREE P', '921022106029', 'ROSY RIDERS', 'ECE', 'GIRLS', 'II', 444, 1),
('NIVETHA M', '921022106038', 'ROSY RIDERS', 'ECE', 'GIRLS', 'II', 445, 0),
('PRIYA K', '921022106042', 'ROSY RIDERS', 'ECE', 'GIRLS', 'II', 446, 0),
('SATHIYA P', '921022106047', 'ROSY RIDERS', 'ECE', 'GIRLS', 'II', 447, 1),
('SIVANI M', '921022106051', 'ROSY RIDERS', 'ECE', 'GIRLS', 'II', 448, 0),
('YUVADHARSHINI S', '921022106059', 'ROSY RIDERS', 'ECE', 'GIRLS', 'II', 449, 1),
('DEEPIKA SRI K', '2023FEC010', 'ROSY RIDERS', 'ECE', 'GIRLS', 'I', 450, 0),
('GAYATHRI POOJA S', '2023FEC045', 'ROSY RIDERS', 'ECE', 'GIRLS', 'I', 451, 0),
('JEEVETHA P', '2023FEC025', 'ROSY RIDERS', 'ECE', 'GIRLS', 'I', 452, 0),
('KAVIYA R', '2023FEC029', 'ROSY RIDERS', 'ECE', 'GIRLS', 'I', 453, 0),
('MOHANAMITHRAA M', '2023FEC012', 'ROSY RIDERS', 'ECE', 'GIRLS', 'I', 454, 0),
('POOJA P', '2023FEC030', 'ROSY RIDERS', 'ECE', 'GIRLS', 'I', 455, 0),
('SADHA SRI V', '2023FEC050', 'ROSY RIDERS', 'ECE', 'GIRLS', 'I', 456, 0),
('SRINITHI C', '2023FEC037', 'ROSY RIDERS', 'ECE', 'GIRLS', 'I', 457, 0),
('VIVITHA S', '2023FEC004', 'ROSY RIDERS', 'ECE', 'GIRLS', 'I', 458, 0),
('DEVADHARSINI V', '921020105005', 'ROSY RIDERS', 'EEE', 'GIRLS', 'IV', 459, 1),
('PANDIESWARI G', '921020105016', 'ROSY RIDERS', 'EEE', 'GIRLS', 'IV', 460, 1),
('DHANAPAKKIYAM S', '921021105004', 'ROSY RIDERS', 'EEE', 'GIRLS', 'III', 461, 0),
('LOGAPRIYA C', '921021105011', 'ROSY RIDERS', 'EEE', 'GIRLS', 'III', 462, 1),
('NAGESWARI M', '921021105019', 'ROSY RIDERS', 'EEE', 'GIRLS', 'III', 463, 1),
('SURUTHIKA S', '921021105027', 'ROSY RIDERS', 'EEE', 'GIRLS', 'III', 464, 0),
('KEERTHI R K', '921022105005', 'ROSY RIDERS', 'EEE', 'GIRLS', 'II', 465, 1),
('MAREESHWARI P', '921022105011', 'ROSY RIDERS', 'EEE', 'GIRLS', 'II', 466, 0),
('SAAI KEERTHI S', '921022105018', 'ROSY RIDERS', 'EEE', 'GIRLS', 'II', 467, 1),
('TAMILSELVI M', '921022105025', 'ROSY RIDERS', 'EEE', 'GIRLS', 'II', 468, 0),
('BRINDHA K', '2023FEE020', 'ROSY RIDERS', 'EEE', 'GIRLS', 'I', 469, 0),
('DHARUNYASHREE S', '2023FEE029', 'ROSY RIDERS', 'EEE', 'GIRLS', 'I', 470, 0),
('JAYASRI P N', '2023FEE034', 'ROSY RIDERS', 'EEE', 'GIRLS', 'I', 471, 0),
('RAMU SUBBULAKSHMI V', '2023FEE002', 'ROSY RIDERS', 'EEE', 'GIRLS', 'I', 472, 0),
('SUJITHA R', '2023FEE023', 'ROSY RIDERS', 'EEE', 'GIRLS', 'I', 473, 0),
('NAAFIYA SHIRIN A', '921022205007', 'ROSY RIDERS', 'IT', 'GIRLS', 'II', 474, 1),
('NIHILAA K', '921022205012', 'ROSY RIDERS', 'IT', 'GIRLS', 'II', 475, 1),
('SIVASRI V', '921022205020', 'ROSY RIDERS', 'IT', 'GIRLS', 'II', 476, 0),
('ANUDARSHNI A', '2023FIT016', 'ROSY RIDERS', 'IT', 'GIRLS', 'I', 477, 1),
('HARINI P', '2023FIT021', 'ROSY RIDERS', 'IT', 'GIRLS', 'I', 478, 0),
('MONIKA B', '2023FIT020', 'ROSY RIDERS', 'IT', 'GIRLS', 'I', 479, 0),
('SAFRIN T', '2023FIT004', 'ROSY RIDERS', 'IT', 'GIRLS', 'I', 480, 0),
('SIVAYOGGA K', '2023FIT006', 'ROSY RIDERS', 'IT', 'GIRLS', 'I', 481, 0),
('VAITHEESHWARI R', '2023FIT015', 'ROSY RIDERS', 'IT', 'GIRLS', 'I', 482, 0),
('MOHANA KANI S', '921021114017', 'ROSY RIDERS', 'MECH', 'GIRLS', 'III', 483, 1),
('SANTHANA ESWARI A', '2023FME003', 'ROSY RIDERS', 'MECH', 'GIRLS', 'I', 484, 0),
('BALAMAHALAKSHMI S', '921022243004', 'BLUE BLASTERS', 'AI', 'GIRLS', 'II', 485, 1),
('RAJA VARSHINI', '921022243016', 'BLUE BLASTERS', 'AI', 'GIRLS', 'II', 486, 1),
('SRIDEVI B', '921022243022', 'BLUE BLASTERS', 'AI', 'GIRLS', 'II', 487, 1),
('ASIM FATHIMA P', '2023FAI005', 'BLUE BLASTERS', 'AI', 'GIRLS', 'I', 488, 0),
('MUTHULAKSHMI P', '2023FAI018', 'BLUE BLASTERS', 'AI', 'GIRLS', 'I', 489, 0),
('SAFIKUL FARINAZ S', '2023FAI012', 'BLUE BLASTERS', 'AI', 'GIRLS', 'I', 490, 0),
('VARUNI T', '2023FAI004', 'BLUE BLASTERS', 'AI', 'GIRLS', 'I', 491, 0),
('GOKULAPRIYA P', '921020103001', 'BLUE BLASTERS', 'CE', 'GIRLS', 'IV', 492, 0),
('SHREETHIKA K', '921020103008', 'BLUE BLASTERS', 'CE', 'GIRLS', 'IV', 493, 1),
('DHARUNAA R', '921021103007', 'BLUE BLASTERS', 'CE', 'GIRLS', 'III', 494, 1),
('KAVIYA R', '921021103013', 'BLUE BLASTERS', 'CE', 'GIRLS', 'III', 495, 1),
('SIVARANJANI S', '921021103023', 'BLUE BLASTERS', 'CE', 'GIRLS', 'III', 496, 0),
('VIGNESH S', '921021103028', 'PHOENIX BLASTERS', 'CE', 'BOYS', 'III', 497, 0),
('DEVAGI K', '921022103002', 'BLUE BLASTERS', 'CE', 'GIRLS', 'II', 498, 1),
('KAVIYA M', '921022103009', 'BLUE BLASTERS', 'CE', 'GIRLS', 'II', 499, 1),
('VARSHINI M', '921022103023', 'BLUE BLASTERS', 'CE', 'GIRLS', 'II', 500, 1),
('MADHUGAYATHRI J', '2023FCE013', 'BLUE BLASTERS', 'CE', 'GIRLS', 'I', 501, 0),
('SHAJITHA PARVEEN R', '2023FCE016', 'BLUE BLASTERS', 'CE', 'GIRLS', 'I', 502, 0),
('DHARANI B', '2022LCS070', 'BLUE BLASTERS', 'CSE', 'GIRLS', 'III', 503, 0),
('AKSHAYA K', '921020104003', 'BLUE BLASTERS', 'CSE', 'GIRLS', 'IV', 504, 1),
('BHUVANASREE S', '921020104009', 'BLUE BLASTERS', 'CSE', 'GIRLS', 'IV', 505, 1),
('FAZAL FATHIMA S', '921020104015', 'BLUE BLASTERS', 'CSE', 'GIRLS', 'IV', 506, 1),
('HEMA S', '921020104020', 'BLUE BLASTERS', 'CSE', 'GIRLS', 'IV', 507, 0),
('KABITHA C', '921020104024', 'BLUE BLASTERS', 'CSE', 'GIRLS', 'IV', 508, 1),
('PRABHA K', '921020104035', 'BLUE BLASTERS', 'CSE', 'GIRLS', 'IV', 509, 1),
('SAMITHA T', '921020104044', 'BLUE BLASTERS', 'CSE', 'GIRLS', 'IV', 510, 1),
('SOUNDHARYA G', '921020104051', 'BLUE BLASTERS', 'CSE', 'GIRLS', 'IV', 511, 1),
('VINI SUBICKSHA L S', '921020104059', 'BLUE BLASTERS', 'CSE', 'GIRLS', 'IV', 512, 1),
('BHUVANALAKSHMI R', '921021104004', 'BLUE BLASTERS', 'CSE', 'GIRLS', 'III', 513, 1),
('DHARSHINI L', '921021104008', 'BLUE BLASTERS', 'CSE', 'GIRLS', 'III', 514, 1),
('HARINI M', '921021104013', 'BLUE BLASTERS', 'CSE', 'GIRLS', 'III', 515, 1),
('KEERTHANA M', '921021104017', 'BLUE BLASTERS', 'CSE', 'GIRLS', 'III', 516, 1),
('MAHASWETHA M', '921021104024', 'BLUE BLASTERS', 'CSE', 'GIRLS', 'III', 517, 1),
('MUTHUVAISALI T', '921021104030', 'BLUE BLASTERS', 'CSE', 'GIRLS', 'III', 518, 0),
('RAVINA P', '921021104038', 'BLUE BLASTERS', 'CSE', 'GIRLS', 'III', 519, 1),
('ROOBINI G', '921021104042', 'BLUE BLASTERS', 'CSE', 'GIRLS', 'III', 520, 1),
('SRI HARI PREETHA M', '921021104048', 'BLUE BLASTERS', 'CSE', 'GIRLS', 'III', 521, 1),
('YUVASHAKTHI M', '921021104057', 'BLUE BLASTERS', 'CSE', 'GIRLS', 'III', 522, 1),
('ANANDHITHA GAYATHRI A', '921022104005', 'BLUE BLASTERS', 'CSE', 'GIRLS', 'II', 523, 0),
('FEMILA M', '921022104012', 'BLUE BLASTERS', 'CSE', 'GIRLS', 'II', 524, 0),
('JEYASRI C', '921022104017', 'BLUE BLASTERS', 'CSE', 'GIRLS', 'II', 525, 1),
('KAVIYASHREE B', '921022104021', 'BLUE BLASTERS', 'CSE', 'GIRLS', 'II', 526, 1),
('LALITHAMBIHAI R G', '921022104025', 'BLUE BLASTERS', 'CSE', 'GIRLS', 'II', 527, 1),
('PALASAI JOSHIKA P', '921022104033', 'BLUE BLASTERS', 'CSE', 'GIRLS', 'II', 528, 1),
('RESHMA SHREE L V', '921022104039', 'BLUE BLASTERS', 'CSE', 'GIRLS', 'II', 529, 1),
('SRINATHI S', '921022104046', 'BLUE BLASTERS', 'CSE', 'GIRLS', 'II', 530, 1),
('SUJITHRA V', '921022104050', 'BLUE BLASTERS', 'CSE', 'GIRLS', 'II', 531, 1),
('THAVASAKTHI G', '921022104054', 'BLUE BLASTERS', 'CSE', 'GIRLS', 'II', 532, 0),
('ABI R', '2023FCS009', 'BLUE BLASTERS', 'CSE', 'GIRLS', 'I', 533, 0),
('BRINDHA A', '2023FCS030', 'BLUE BLASTERS', 'CSE', 'GIRLS', 'I', 534, 0),
('HARINI V', '2023FCS047', 'BLUE BLASTERS', 'CSE', 'GIRLS', 'I', 535, 0),
('KANAGA DURGA M', '2023FCS023', 'BLUE BLASTERS', 'CSE', 'GIRLS', 'I', 536, 0),
('NANDHINI R', '2023FCS038', 'BLUE BLASTERS', 'CSE', 'GIRLS', 'I', 537, 0),
('RABIKA BANU A', '2023FCS001', 'BLUE BLASTERS', 'CSE', 'GIRLS', 'I', 538, 0),
('SANTHOSHINI K', '2023FCS005', 'BLUE BLASTERS', 'CSE', 'GIRLS', 'I', 539, 0),
('SUTHEESHNA R', '2023FCS006', 'BLUE BLASTERS', 'CSE', 'GIRLS', 'I', 540, 0),
('YUVA PRIYA V', '2023FCS036', 'BLUE BLASTERS', 'CSE', 'GIRLS', 'I', 541, 0),
('BHAGYE SREE P', '921020106005', 'BLUE BLASTERS', 'ECE', 'GIRLS', 'IV', 542, 1),
('DEEPADHARSHINI R', '921020106009', 'BLUE BLASTERS', 'ECE', 'GIRLS', 'IV', 543, 1),
('JAYASHREE P', '921020106014', 'BLUE BLASTERS', 'ECE', 'GIRLS', 'IV', 544, 1),
('MEERA S', '921020106021', 'BLUE BLASTERS', 'ECE', 'GIRLS', 'IV', 545, 1),
('NIVETHA R', '921020106025', 'BLUE BLASTERS', 'ECE', 'GIRLS', 'IV', 546, 1),
('RAGAVI V', '921020106029', 'BLUE BLASTERS', 'ECE', 'GIRLS', 'IV', 547, 1),
('SATHIYASELVI M', '921020106035', 'BLUE BLASTERS', 'ECE', 'GIRLS', 'IV', 548, 1),
('VENKATESHWARI S', '921020106042', 'BLUE BLASTERS', 'ECE', 'GIRLS', 'IV', 549, 1),
('ABINAYA N', '921021106002', 'BLUE BLASTERS', 'ECE', 'GIRLS', 'III', 550, 1),
('DIVYA A', '921021106008', 'BLUE BLASTERS', 'ECE', 'GIRLS', 'III', 551, 1),
('RINDHIYA R', '921021106019', 'BLUE BLASTERS', 'ECE', 'GIRLS', 'III', 552, 1),
('SHANJINI S', '921021106026', 'BLUE BLASTERS', 'ECE', 'GIRLS', 'III', 553, 1),
('VIJAYALAKSHMI G', '921021106032', 'BLUE BLASTERS', 'ECE', 'GIRLS', 'III', 554, 1),
('AISHVARRYA A', '921022106004', 'BLUE BLASTERS', 'ECE', 'GIRLS', 'II', 555, 0),
('CHRISTINA D', '921022106011', 'BLUE BLASTERS', 'ECE', 'GIRLS', 'II', 556, 1),
('HARINI K M ', '921022106016', 'BLUE BLASTERS', 'ECE', 'GIRLS', 'II', 557, 1),
('JANANI K', '921022106020', 'BLUE BLASTERS', 'ECE', 'GIRLS', 'II', 558, 1),
('JEYASREE VEE', '921022106025', 'BLUE BLASTERS', 'ECE', 'GIRLS', 'II', 559, 1),
('KEERTHANA BAGAVATHI P', '921022106030', 'BLUE BLASTERS', 'ECE', 'GIRLS', 'II', 560, 1),
('POORANI K', '921022106039', 'BLUE BLASTERS', 'ECE', 'GIRLS', 'II', 561, 1),
('PRIYADHARSHINI S', '921022106043', 'BLUE BLASTERS', 'ECE', 'GIRLS', 'II', 562, 1),
('SHALINI R', '921022106048', 'BLUE BLASTERS', 'ECE', 'GIRLS', 'II', 563, 1),
('SRIMATHI G', '921022106052', 'BLUE BLASTERS', 'ECE', 'GIRLS', 'II', 564, 1),
('ANUSHASRI D', '2023FEC017', 'BLUE BLASTERS', 'ECE', 'GIRLS', 'I', 565, 0),
('DEVADHARSHINI K', '2023FEC006', 'BLUE BLASTERS', 'ECE', 'GIRLS', 'I', 566, 0),
('GOPIKA M', '2023FEC038', 'BLUE BLASTERS', 'ECE', 'GIRLS', 'I', 567, 0),
('JEYA SRI K', '2023FEC015', 'BLUE BLASTERS', 'ECE', 'GIRLS', 'I', 568, 0),
('KIRUTHIKA M', '2023FEC020', 'BLUE BLASTERS', 'ECE', 'GIRLS', 'I', 569, 0),
('NAGAJOTHI S', '2023FEC014', 'BLUE BLASTERS', 'ECE', 'GIRLS', 'I', 570, 0),
('RATHEESWARI P', '2023FEC019', 'BLUE BLASTERS', 'ECE', 'GIRLS', 'I', 571, 0),
('SAMEENA BANU P', '2023FEC033', 'BLUE BLASTERS', 'ECE', 'GIRLS', 'I', 572, 0),
('SUBASRI M', '2023FEC028', 'BLUE BLASTERS', 'ECE', 'GIRLS', 'I', 573, 0),
('AMBIHESHWARI V', '921020105001', 'BLUE BLASTERS', 'EEE', 'GIRLS', 'IV', 574, 1),
('MAHALAKSHMI B', '921020105010', 'BLUE BLASTERS', 'EEE', 'GIRLS', 'IV', 575, 1),
('ABINAYA P', '921020105301', 'BLUE BLASTERS', 'EEE', 'GIRLS', 'IV', 576, 1),
('GOBIKA M', '921021105005', 'BLUE BLASTERS', 'EEE', 'GIRLS', 'III', 577, 0),
('MAHALAKSHMI L', '921021105012', 'BLUE BLASTERS', 'EEE', 'GIRLS', 'III', 578, 1),
('NITHYADEVI G', '921021105021', 'BLUE BLASTERS', 'EEE', 'GIRLS', 'III', 579, 1),
('VISHNUPRIYA N', '921021105030', 'BLUE BLASTERS', 'EEE', 'GIRLS', 'III', 580, 1),
('LAVANYA R G', '921022105007', 'BLUE BLASTERS', 'EEE', 'GIRLS', 'II', 581, 0),
('MONIKA R', '921022105013', 'BLUE BLASTERS', 'EEE', 'GIRLS', 'II', 582, 0),
('SANDHIYA C', '921022105019', 'BLUE BLASTERS', 'EEE', 'GIRLS', 'II', 583, 0),
('VELMANI R', '921022105028', 'BLUE BLASTERS', 'EEE', 'GIRLS', 'II', 584, 0),
('DANIKA R', '2023FEE003', 'BLUE BLASTERS', 'EEE', 'GIRLS', 'I', 585, 0),
('GAYATHRI S', '2023FEE038', 'BLUE BLASTERS', 'EEE', 'GIRLS', 'I', 586, 0),
('KRISHNAVENI P', '2023FEE006', 'BLUE BLASTERS', 'EEE', 'GIRLS', 'I', 587, 0),
('RIHANA AFRIN A', '2023FEE021', 'BLUE BLASTERS', 'EEE', 'GIRLS', 'I', 588, 0),
('VAISHNAVI K', '2023FEE024', 'BLUE BLASTERS', 'EEE', 'GIRLS', 'I', 589, 0),
('NAGAJOTHI M', '921022205008', 'BLUE BLASTERS', 'IT', 'GIRLS', 'II', 590, 1),
('PREETHI V', '921022205015', 'BLUE BLASTERS', 'IT', 'GIRLS', 'II', 591, 1),
('SWATHI P', '921022205023', 'BLUE BLASTERS', 'IT', 'GIRLS', 'II', 592, 1),
('ARCHANA DEVI C', '2023FIT011', 'BLUE BLASTERS', 'IT', 'GIRLS', 'I', 593, 0),
('ISMATH FATHIMA J', '2023FIT008', 'BLUE BLASTERS', 'IT', 'GIRLS', 'I', 594, 0),
('NAVEENA G', '2023FIT028', 'BLUE BLASTERS', 'IT', 'GIRLS', 'I', 595, 0),
('SAHANA G', '2023FIT018', 'BLUE BLASTERS', 'IT', 'GIRLS', 'I', 596, 0),
('SONI P', '2023FIT024', 'BLUE BLASTERS', 'IT', 'GIRLS', 'I', 597, 0),
('VANISRI M', '2023FIT013', 'BLUE BLASTERS', 'IT', 'GIRLS', 'I', 598, 0),
('PANDISELVI S', '921021114023', 'BLUE BLASTERS', 'MECH', 'GIRLS', 'III', 599, 0),
('DHEIVASHRI M', '921022243005', 'GALACTIC STARS', 'AI', 'GIRLS', 'II', 601, 0),
('SHAFANA IRFATH N', '921022243018', 'GALACTIC STARS', 'AI', 'GIRLS', 'II', 602, 1),
('VISHWA ROOBINI N', '921022243023', 'GALACTIC STARS', 'AI', 'GIRLS', 'II', 603, 1),
('HARI PRABHA S', '2023FAI010', 'GALACTIC STARS', 'AI', 'GIRLS', 'I', 604, 0),
('MUTHUMARI M', '2023FAI011', 'GALACTIC STARS', 'AI', 'GIRLS', 'I', 605, 0),
('SHRIMATHI R', '2023FAI015', 'GALACTIC STARS', 'AI', 'GIRLS', 'I', 606, 0),
('VASUKI P', '2023FAI021', 'GALACTIC STARS', 'AI', 'GIRLS', 'I', 607, 0),
('MARIYAM KHANITHA S', '921020103004', 'GALACTIC STARS', 'CE', 'GIRLS', 'IV', 608, 0),
('ABINAYA P', '921021103001', 'GALACTIC STARS', 'CE', 'GIRLS', 'III', 609, 0),
('HARIPRABHA V', '921021103009', 'GALACTIC STARS', 'CE', 'GIRLS', 'III', 610, 1),
('LISHANA HASSIN S', '921021103014', 'GALACTIC STARS', 'CE', 'GIRLS', 'III', 611, 1),
('SWETHA S', '921021103024', 'GALACTIC STARS', 'CE', 'GIRLS', 'III', 612, 1),
('SUBASHREE A', '921021103304', 'GALACTIC STARS', 'CE', 'GIRLS', 'III', 613, 0),
('DHINESHWARI P', '921022103003', 'GALACTIC STARS', 'CE', 'GIRLS', 'II', 614, 1),
('KAVIYA LM', '921022103010', 'GALACTIC STARS', 'CE', 'GIRLS', 'II', 615, 1),
('YUVASHRI M', '921022103025', 'GALACTIC STARS', 'CE', 'GIRLS', 'II', 616, 1),
('MALATHI S', '2023FCE019', 'GALACTIC STARS', 'CE', 'GIRLS', 'I', 617, 0),
('SUBITCHANA SRI S', '2023FCE006', 'GALACTIC STARS', 'CE', 'GIRLS', 'I', 618, 0),
('NAZREEN M', '2022LCS072', 'GALACTIC STARS', 'CSE', 'GIRLS', 'III', 619, 0),
('AKSHAYA P', '921020104004', 'GALACTIC STARS', 'CSE', 'GIRLS', 'IV', 620, 1),
('CHARUMATHI R', '921020104011', 'GALACTIC STARS', 'CSE', 'GIRLS', 'IV', 621, 1),
('GAYATHRI LOKSHIYA K', '921020104016', 'GALACTIC STARS', 'CSE', 'GIRLS', 'IV', 622, 1),
('ILAKKIYA M', '921020104021', 'GALACTIC STARS', 'CSE', 'GIRLS', 'IV', 623, 1),
('LALITHA S', '921020104027', 'GALACTIC STARS', 'CSE', 'GIRLS', 'IV', 624, 1),
('PRIYANKA K', '921020104037', 'GALACTIC STARS', 'CSE', 'GIRLS', 'IV', 625, 1),
('SATHYA PRIYA P', '921020104046', 'GALACTIC STARS', 'CSE', 'GIRLS', 'IV', 626, 1),
('SOWNDARYALAKSHMI B', '921020104052', 'GALACTIC STARS', 'CSE', 'GIRLS', 'IV', 627, 1),
('VINOTHINI P', '921020104060', 'GALACTIC STARS', 'CSE', 'GIRLS', 'IV', 628, 1),
('DEEPIKA E', '921021104005', 'GALACTIC STARS', 'CSE', 'GIRLS', 'III', 629, 1),
('EPSHIBA R', '921021104010', 'GALACTIC STARS', 'CSE', 'GIRLS', 'III', 630, 1),
('JACINTH SHARON S', '921021104014', 'GALACTIC STARS', 'CSE', 'GIRLS', 'III', 631, 1),
('KIRUTHIKA B', '921021104019', 'GALACTIC STARS', 'CSE', 'GIRLS', 'III', 632, 1),
('MAMITHA T', '921021104025', 'GALACTIC STARS', 'CSE', 'GIRLS', 'III', 633, 1),
('NATHIYA P', '921021104032', 'GALACTIC STARS', 'CSE', 'GIRLS', 'III', 634, 1),
('RENUGADEVI N', '921021104039', 'GALACTIC STARS', 'CSE', 'GIRLS', 'III', 635, 1),
('RUTHRANAYAKI D', '921021104043', 'GALACTIC STARS', 'CSE', 'GIRLS', 'III', 636, 1),
('SWATHI S J', '921021104050', 'GALACTIC STARS', 'CSE', 'GIRLS', 'III', 637, 1),
('AARTHI S', '921022104001', 'GALACTIC STARS', 'CSE', 'GIRLS', 'II', 638, 1),
('ANKAYAR KANNI M', '921022104006', 'GALACTIC STARS', 'CSE', 'GIRLS', 'II', 639, 0);
INSERT INTO `studentdb` (`name`, `reg_no`, `house`, `dept`, `gender`, `year`, `id`, `viewed`) VALUES
('GOWRI M', '921022104014', 'GALACTIC STARS', 'CSE', 'GIRLS', 'II', 640, 0),
('KALADEVI S', '921022104018', 'GALACTIC STARS', 'CSE', 'GIRLS', 'II', 641, 0),
('KIRUTHIKA G', '921022104022', 'GALACTIC STARS', 'CSE', 'GIRLS', 'II', 642, 0),
('MADHUBALA S', '921022104026', 'GALACTIC STARS', 'CSE', 'GIRLS', 'II', 643, 1),
('POOJA T', '921022104034', 'GALACTIC STARS', 'CSE', 'GIRLS', 'II', 644, 1),
('SHIVANIHA J', '921022104042', 'GALACTIC STARS', 'CSE', 'GIRLS', 'II', 645, 0),
('SRI SAKTHI S', '921022104047', 'GALACTIC STARS', 'CSE', 'GIRLS', 'II', 646, 1),
('SURUTHI PRATHAP S', '921022104051', 'GALACTIC STARS', 'CSE', 'GIRLS', 'II', 647, 0),
('VARSHINI K', '921022104055', 'GALACTIC STARS', 'CSE', 'GIRLS', 'II', 648, 1),
('AKSHAYA G', '2023FCS026', 'GALACTIC STARS', 'CSE', 'GIRLS', 'I', 649, 0),
('DEEBA DHARSHINIE G K', '2023FCS015', 'GALACTIC STARS', 'CSE', 'GIRLS', 'I', 650, 0),
('HEMALATHA M', '2023FCS021', 'GALACTIC STARS', 'CSE', 'GIRLS', 'I', 651, 0),
('MADHUMITHA D', '2023FCS046', 'GALACTIC STARS', 'CSE', 'GIRLS', 'I', 652, 0),
('PREETHI S', '2023FCS018', 'GALACTIC STARS', 'CSE', 'GIRLS', 'I', 653, 0),
('REEMA FATHIMA R', '2023FCS031', 'GALACTIC STARS', 'CSE', 'GIRLS', 'I', 654, 0),
('SHALINI V', '2023FCS039', 'GALACTIC STARS', 'CSE', 'GIRLS', 'I', 655, 0),
('THARANEESH G R', '2023FCS048', 'GALACTIC STARS', 'CSE', 'GIRLS', 'I', 656, 0),
('YUVASHREE M', '2023FCS011', 'GALACTIC STARS', 'CSE', 'GIRLS', 'I', 657, 0),
('CHRISTY P', '921020106006', 'GALACTIC STARS', 'ECE', 'GIRLS', 'IV', 658, 1),
('GOWSHIGA G', '921020106011', 'GALACTIC STARS', 'ECE', 'GIRLS', 'IV', 659, 0),
('KARTHIKA R', '921020106016', 'GALACTIC STARS', 'ECE', 'GIRLS', 'IV', 660, 0),
('MEERABAI S', '921020106022', 'GALACTIC STARS', 'ECE', 'GIRLS', 'IV', 661, 1),
('PRIYADHARSHINI R', '921020106026', 'GALACTIC STARS', 'ECE', 'GIRLS', 'IV', 662, 1),
('REKA B', '921020106030', 'GALACTIC STARS', 'ECE', 'GIRLS', 'IV', 663, 1),
('SHALINI S', '921020106036', 'GALACTIC STARS', 'ECE', 'GIRLS', 'IV', 664, 0),
('VISHNUPRIYA G', '921020106043', 'GALACTIC STARS', 'ECE', 'GIRLS', 'IV', 665, 1),
('AIYSWARRYA R', '921021106003', 'GALACTIC STARS', 'ECE', 'GIRLS', 'III', 666, 1),
('JASEEMA A', '921021106011', 'GALACTIC STARS', 'ECE', 'GIRLS', 'III', 667, 1),
('SAKANA SRI A', '921021106022', 'GALACTIC STARS', 'ECE', 'GIRLS', 'III', 668, 1),
('SISHANI K', '921021106027', 'GALACTIC STARS', 'ECE', 'GIRLS', 'III', 669, 1),
('ABINAYA T', '921022106001', 'GALACTIC STARS', 'ECE', 'GIRLS', 'II', 670, 1),
('AMRISHAA S', '921022106005', 'GALACTIC STARS', 'ECE', 'GIRLS', 'II', 671, 1),
('DEEPALAKSHMI R', '921022106012', 'GALACTIC STARS', 'ECE', 'GIRLS', 'II', 672, 1),
('HARINI M', '921022106017', 'GALACTIC STARS', 'ECE', 'GIRLS', 'II', 673, 1),
('JANANI S', '921022106021', 'GALACTIC STARS', 'ECE', 'GIRLS', 'II', 674, 1),
('JEYASRI V', '921022106026', 'GALACTIC STARS', 'ECE', 'GIRLS', 'II', 675, 1),
('LAKSHMIPRIYA M', '921022106031', 'GALACTIC STARS', 'ECE', 'GIRLS', 'II', 676, 0),
('PRAVEENA N', '921022106040', 'GALACTIC STARS', 'ECE', 'GIRLS', 'II', 677, 1),
('RITHIKA V', '921022106044', 'GALACTIC STARS', 'ECE', 'GIRLS', 'II', 678, 1),
('SHANTHANA K', '921022106049', 'GALACTIC STARS', 'ECE', 'GIRLS', 'II', 679, 1),
('VAISHNAVI S', '921022106056', 'GALACTIC STARS', 'ECE', 'GIRLS', 'II', 680, 1),
('ASHVANI S', '2023FEC018', 'GALACTIC STARS', 'ECE', 'GIRLS', 'I', 681, 0),
('DHANALAKSHMI S', '2023FEC016', 'GALACTIC STARS', 'ECE', 'GIRLS', 'I', 682, 0),
('HARINI S', '2023FEC031', 'GALACTIC STARS', 'ECE', 'GIRLS', 'I', 683, 0),
('JEYAHARINISHREE R', '2023FEC046', 'GALACTIC STARS', 'ECE', 'GIRLS', 'I', 684, 0),
('MAREESWARI B', '2023FEC049', 'GALACTIC STARS', 'ECE', 'GIRLS', 'I', 685, 0),
('PIRIYA LAXMI E', '2023FEC008', 'GALACTIC STARS', 'ECE', 'GIRLS', 'I', 686, 0),
('RESHMA K', '2023FEC041', 'GALACTIC STARS', 'ECE', 'GIRLS', 'I', 687, 0),
('SANTHIYA G', '2023FEC036', 'GALACTIC STARS', 'ECE', 'GIRLS', 'I', 688, 0),
('SWATHI K', '2023FEC042', 'GALACTIC STARS', 'ECE', 'GIRLS', 'I', 689, 0),
('AMRUTHAVARSHINI G', '921020105002', 'GALACTIC STARS', 'EEE', 'GIRLS', 'IV', 690, 1),
('MINNAL KODI A', '921020105013', 'GALACTIC STARS', 'EEE', 'GIRLS', 'IV', 691, 1),
('ABIRAMI P', '921021105001', 'GALACTIC STARS', 'EEE', 'GIRLS', 'III', 692, 1),
('GOWRI A', '921021105006', 'GALACTIC STARS', 'EEE', 'GIRLS', 'III', 693, 1),
('NAGADEEPIKA  M', '921021105015', 'GALACTIC STARS', 'EEE', 'GIRLS', 'III', 694, 1),
('POOJA SRI A', '921021105022', 'GALACTIC STARS', 'EEE', 'GIRLS', 'III', 695, 1),
('VIVEKA T', '921021105031', 'GALACTIC STARS', 'EEE', 'GIRLS', 'III', 696, 1),
('MADHUBALA P', '921022105008', 'GALACTIC STARS', 'EEE', 'GIRLS', 'II', 697, 0),
('NARMADHA M', '921022105014', 'GALACTIC STARS', 'EEE', 'GIRLS', 'II', 698, 0),
('SUBERIYA FATHIMA R', '921022105023', 'GALACTIC STARS', 'EEE', 'GIRLS', 'II', 699, 0),
('YAZHINI M', '921022105030', 'GALACTIC STARS', 'EEE', 'GIRLS', 'II', 700, 0),
('DEEPIKA LAKSHAYA M', '2023FEE027', 'GALACTIC STARS', 'EEE', 'GIRLS', 'I', 701, 0),
('HARINA S', '2023FEE011', 'GALACTIC STARS', 'EEE', 'GIRLS', 'I', 702, 0),
('PRIYADHARSHINI S', '2023FEE022', 'GALACTIC STARS', 'EEE', 'GIRLS', 'I', 703, 0),
('SUBARAJASREE M', '2023FEE030', 'GALACTIC STARS', 'EEE', 'GIRLS', 'I', 704, 0),
('ABI GAYATHRI P', '921022205002', 'GALACTIC STARS', 'IT', 'GIRLS', 'II', 705, 1),
('NANDHINI S', '921022205009', 'GALACTIC STARS', 'IT', 'GIRLS', 'II', 706, 1),
('RAMYA PRIYA J', '921022205016', 'GALACTIC STARS', 'IT', 'GIRLS', 'II', 707, 1),
('YAMINI S', '921022205025', 'GALACTIC STARS', 'IT', 'GIRLS', 'II', 708, 1),
('DHIVYA DHARSHINI S', '2023FIT027', 'GALACTIC STARS', 'IT', 'GIRLS', 'I', 709, 0),
('JEBANIKITHA N', '2023FIT012', 'GALACTIC STARS', 'IT', 'GIRLS', 'I', 710, 0),
('NITHYASRI M', '2023FIT001', 'GALACTIC STARS', 'IT', 'GIRLS', 'I', 711, 1),
('SHAHANA V', '2023FIT002', 'GALACTIC STARS', 'IT', 'GIRLS', 'I', 712, 0),
('SOWMIYA K', '2023FIT022', 'GALACTIC STARS', 'IT', 'GIRLS', 'I', 713, 0),
('GANESH SHREE M', '921021114005', 'GALACTIC STARS', 'MECH', 'GIRLS', 'III', 714, 1),
('RAMJAN BEGAM J ', '921021114027', 'GALACTIC STARS', 'MECH', 'GIRLS', 'III', 715, 1),
('ISHANI P', '921022243008', 'VIOLET VIPERS', 'AI', 'GIRLS', 'II', 717, 1),
('SHOBIKA SHREE', '921022243020', 'VIOLET VIPERS', 'AI', 'GIRLS', 'II', 718, 1),
('ANFIYAA M', '2023FAI016', 'VIOLET VIPERS', 'AI', 'GIRLS', 'I', 719, 0),
('KAVIYAMAHESHWARI J', '2023FAI017', 'VIOLET VIPERS', 'AI', 'GIRLS', 'I', 720, 0),
('PRITHIKA S', '2023FAI003', 'VIOLET VIPERS', 'AI', 'GIRLS', 'I', 721, 0),
('SRI HARINI PRIYA S', '2023FAI009', 'VIOLET VIPERS', 'AI', 'GIRLS', 'I', 722, 0),
('VISHALINI K', '2023FAI013', 'VIOLET VIPERS', 'AI', 'GIRLS', 'I', 723, 0),
('POOVITHA K', '921020103005', 'VIOLET VIPERS', 'CE', 'GIRLS', 'IV', 724, 0),
('ABIRAMI E', '921021103002', 'VIOLET VIPERS', 'CE', 'GIRLS', 'III', 725, 1),
('HASEENA BANU S', '921021103010', 'VIOLET VIPERS', 'CE', 'GIRLS', 'III', 726, 1),
('MALAMARI V', '921021103017', 'VIOLET VIPERS', 'CE', 'GIRLS', 'III', 727, 1),
('VASANTHA PRABHA E', '921021103025', 'VIOLET VIPERS', 'CE', 'GIRLS', 'III', 728, 1),
('DHARANI PRABAKER P', '921021103701', 'VIOLET VIPERS', 'CE', 'GIRLS', 'III', 729, 0),
('JESHILA R', '921022103007', 'VIOLET VIPERS', 'CE', 'GIRLS', 'II', 730, 1),
('PREETHIKA M', '921022103016', 'VIOLET VIPERS', 'CE', 'GIRLS', 'II', 731, 1),
('GURU LAKSHMI R', '2023FCE010', 'VIOLET VIPERS', 'CE', 'GIRLS', 'I', 732, 0),
('NITHYA SHREE S', '2023FCE017', 'VIOLET VIPERS', 'CE', 'GIRLS', 'I', 733, 0),
('THANUJA S', '2023FCE003', 'VIOLET VIPERS', 'CE', 'GIRLS', 'I', 734, 0),
('ABARNA M', '921020104001', 'VIOLET VIPERS', 'CSE', 'GIRLS', 'IV', 735, 1),
('ANEESFATHIMA A', '921020104005', 'VIOLET VIPERS', 'CSE', 'GIRLS', 'IV', 736, 1),
('DEVISHREE A', '921020104012', 'VIOLET VIPERS', 'CSE', 'GIRLS', 'IV', 737, 1),
('HARINI G', '921020104018', 'VIOLET VIPERS', 'CSE', 'GIRLS', 'IV', 738, 1),
('INIYA SHREE S', '921020104022', 'VIOLET VIPERS', 'CSE', 'GIRLS', 'IV', 739, 1),
('MAHADEVI P', '921020104029', 'VIOLET VIPERS', 'CSE', 'GIRLS', 'IV', 740, 1),
('SAIPRIYADARSHINI N S', '921020104042', 'VIOLET VIPERS', 'CSE', 'GIRLS', 'IV', 741, 1),
('SHALINI A', '921020104048', 'VIOLET VIPERS', 'CSE', 'GIRLS', 'IV', 742, 1),
('SRINITHI S', '921020104053', 'VIOLET VIPERS', 'CSE', 'GIRLS', 'IV', 743, 1),
('VIVETHA M', '921020104061', 'VIOLET VIPERS', 'CSE', 'GIRLS', 'IV', 744, 1),
('DEEPIKA SRI R', '921021104006', 'VIOLET VIPERS', 'CSE', 'GIRLS', 'III', 745, 1),
('GOPIKA S', '921021104011', 'VIOLET VIPERS', 'CSE', 'GIRLS', 'III', 746, 1),
('JEEVITHAA R', '921021104015', 'VIOLET VIPERS', 'CSE', 'GIRLS', 'III', 747, 1),
('Krishnajothi S', '921021104020', 'VIOLET VIPERS', 'CSE', 'GIRLS', 'III', 748, 0),
('MANJUBASHINI J', '921021104026', 'VIOLET VIPERS', 'CSE', 'GIRLS', 'III', 749, 1),
('PRISHA M', '921021104034', 'VIOLET VIPERS', 'CSE', 'GIRLS', 'III', 750, 1),
('RESHMA MASHUTHA R', '921021104040', 'VIOLET VIPERS', 'CSE', 'GIRLS', 'III', 751, 1),
('SOBHIYA T', '921021104046', 'VIOLET VIPERS', 'CSE', 'GIRLS', 'III', 752, 1),
('UMA ARASI K', '921021104052', 'VIOLET VIPERS', 'CSE', 'GIRLS', 'III', 753, 1),
('ABARNA A', '921022104002', 'VIOLET VIPERS', 'CSE', 'GIRLS', 'II', 754, 1),
('ARCHANA A', '921022104007', 'VIOLET VIPERS', 'CSE', 'GIRLS', 'II', 755, 0),
('HARINI G', '921022104015', 'VIOLET VIPERS', 'CSE', 'GIRLS', 'II', 756, 0),
('KALAI SELVI M', '921022104019', 'VIOLET VIPERS', 'CSE', 'GIRLS', 'II', 757, 0),
('KIRUTHIKA M', '921022104023', 'VIOLET VIPERS', 'CSE', 'GIRLS', 'II', 758, 1),
('MONISHA C', '921022104030', 'VIOLET VIPERS', 'CSE', 'GIRLS', 'II', 759, 1),
('PRIYANKA M', '921022104035', 'VIOLET VIPERS', 'CSE', 'GIRLS', 'II', 760, 1),
('SIMRITHA SRI V', '921022104043', 'VIOLET VIPERS', 'CSE', 'GIRLS', 'II', 761, 1),
('SUBIKSHA M', '921022104048', 'VIOLET VIPERS', 'CSE', 'GIRLS', 'II', 762, 0),
('SUSMITHA S', '921022104052', 'VIOLET VIPERS', 'CSE', 'GIRLS', 'II', 763, 1),
('VIJITHRA V', '921022104057', 'VIOLET VIPERS', 'CSE', 'GIRLS', 'II', 764, 0),
('AKSHAYA R', '2023FCS049', 'VIOLET VIPERS', 'CSE', 'GIRLS', 'I', 765, 0),
('DHANUJA P', '2023FCS037', 'VIOLET VIPERS', 'CSE', 'GIRLS', 'I', 766, 0),
('INDHUMATHI S', '2023FCS043', 'VIOLET VIPERS', 'CSE', 'GIRLS', 'I', 767, 0),
('MENIL SRI M', '2023FCS017', 'VIOLET VIPERS', 'CSE', 'GIRLS', 'I', 768, 0),
('PRIJEETHA C', '2023FCS042', 'VIOLET VIPERS', 'CSE', 'GIRLS', 'I', 769, 0),
('RUPIKA M', '2023FCS024', 'VIOLET VIPERS', 'CSE', 'GIRLS', 'I', 770, 1),
('SHOBIYA M', '2023FCS019', 'VIOLET VIPERS', 'CSE', 'GIRLS', 'I', 771, 0),
('VARSHINI N S', '2023FCS041', 'VIOLET VIPERS', 'CSE', 'GIRLS', 'I', 772, 0),
('ADHILAKSHMI S', '921020106002', 'VIOLET VIPERS', 'ECE', 'GIRLS', 'IV', 773, 1),
('DEEKSHAA RANI R', '921020106007', 'VIOLET VIPERS', 'ECE', 'GIRLS', 'IV', 774, 1),
('HARINISHRI Y', '921020106012', 'VIOLET VIPERS', 'ECE', 'GIRLS', 'IV', 775, 1),
('LAVANYA T', '921020106019', 'VIOLET VIPERS', 'ECE', 'GIRLS', 'IV', 776, 1),
('MENAKA M', '921020106023', 'VIOLET VIPERS', 'ECE', 'GIRLS', 'IV', 777, 1),
('PRIYASAKI K', '921020106027', 'VIOLET VIPERS', 'ECE', 'GIRLS', 'IV', 778, 1),
('SANDHIYA B', '921020106031', 'VIOLET VIPERS', 'ECE', 'GIRLS', 'IV', 779, 1),
('SHARMILA M', '921020106037', 'VIOLET VIPERS', 'ECE', 'GIRLS', 'IV', 780, 0),
('RANI SAMYUKTHA K', '921020106302', 'VIOLET VIPERS', 'ECE', 'GIRLS', 'IV', 781, 1),
('ASMITHA S', '921021106005', 'VIOLET VIPERS', 'ECE', 'GIRLS', 'III', 782, 1),
('PAVITHRA T', '921021106016', 'VIOLET VIPERS', 'ECE', 'GIRLS', 'III', 783, 1),
('SARANYA R', '921021106024', 'VIOLET VIPERS', 'ECE', 'GIRLS', 'III', 784, 1),
('THARIKA P', '921021106028', 'VIOLET VIPERS', 'ECE', 'GIRLS', 'III', 785, 1),
('ABIRAMI P', '921022106002', 'VIOLET VIPERS', 'ECE', 'GIRLS', 'II', 786, 1),
('AMUTHA S', '921022106006', 'VIOLET VIPERS', 'ECE', 'GIRLS', 'II', 787, 1),
('GAJANANI S', '921022106014', 'VIOLET VIPERS', 'ECE', 'GIRLS', 'II', 788, 1),
('HARISHMA S', '921022106018', 'VIOLET VIPERS', 'ECE', 'GIRLS', 'II', 789, 1),
('JEEVITHA U', '921022106022', 'VIOLET VIPERS', 'ECE', 'GIRLS', 'II', 790, 0),
('KARTHIKA V', '921022106027', 'VIOLET VIPERS', 'ECE', 'GIRLS', 'II', 791, 0),
('MIRUDHULA V', '921022106034', 'VIOLET VIPERS', 'ECE', 'GIRLS', 'II', 792, 1),
('PRITHIKA P', '921022106041', 'VIOLET VIPERS', 'ECE', 'GIRLS', 'II', 793, 1),
('SANTHIYA J', '921022106046', 'VIOLET VIPERS', 'ECE', 'GIRLS', 'II', 794, 1),
('SHRI HARINI A', '921022106050', 'VIOLET VIPERS', 'ECE', 'GIRLS', 'II', 795, 1),
('YALINI SUGAVATHI S', '921022106057', 'VIOLET VIPERS', 'ECE', 'GIRLS', 'II', 796, 1),
('ATCHAYAKAMALI V', '2023FEC005', 'VIOLET VIPERS', 'ECE', 'GIRLS', 'I', 797, 0),
('DURGASRI A', '2023FEC001', 'VIOLET VIPERS', 'ECE', 'GIRLS', 'I', 798, 0),
('JEEVANA M', '2023FEC022', 'VIOLET VIPERS', 'ECE', 'GIRLS', 'I', 799, 0),
('JEYAPRIYA L M', '2023FEC007', 'VIOLET VIPERS', 'ECE', 'GIRLS', 'I', 800, 0),
('MOGANA PRIYA M', '2023FEC009', 'VIOLET VIPERS', 'ECE', 'GIRLS', 'I', 801, 0),
('POOJA M', '2023FEC047', 'VIOLET VIPERS', 'ECE', 'GIRLS', 'I', 802, 0),
('SABRIN FATHIMA Z', '2023FEC044', 'VIOLET VIPERS', 'ECE', 'GIRLS', 'I', 803, 0),
('SHARVARI S', '2023FEC011', 'VIOLET VIPERS', 'ECE', 'GIRLS', 'I', 804, 0),
('SWETHASREE P', '2023FEC040', 'VIOLET VIPERS', 'ECE', 'GIRLS', 'I', 805, 0),
('DEEPIKA S', '921020105004', 'VIOLET VIPERS', 'EEE', 'GIRLS', 'IV', 806, 1),
('NILAFAR PARVEEN R', '921020105014', 'VIOLET VIPERS', 'EEE', 'GIRLS', 'IV', 807, 1),
('CELSIYA M', '921021105003', 'VIOLET VIPERS', 'EEE', 'GIRLS', 'III', 808, 0),
('HEMA M', '921021105008', 'VIOLET VIPERS', 'EEE', 'GIRLS', 'III', 809, 0),
('NAGANANTHINI C', '921021105016', 'VIOLET VIPERS', 'EEE', 'GIRLS', 'III', 810, 1),
('SIVANESWARI A', '921021105026', 'VIOLET VIPERS', 'EEE', 'GIRLS', 'III', 811, 1),
('KAVIYAPRIYA A', '921022105004', 'VIOLET VIPERS', 'EEE', 'GIRLS', 'II', 812, 1),
('MADHUSRI G', '921022105009', 'VIOLET VIPERS', 'EEE', 'GIRLS', 'II', 813, 0),
('RESHMA S', '921022105017', 'VIOLET VIPERS', 'EEE', 'GIRLS', 'II', 814, 1),
('SWATHI N', '921022105024', 'VIOLET VIPERS', 'EEE', 'GIRLS', 'II', 815, 0),
('BOOMIKA M', '2023FEE012', 'VIOLET VIPERS', 'EEE', 'GIRLS', 'I', 816, 1),
('DHARANI SELVI A', '2023FEE001', 'VIOLET VIPERS', 'EEE', 'GIRLS', 'I', 817, 0),
('ISWARYA S', '2023FEE025', 'VIOLET VIPERS', 'EEE', 'GIRLS', 'I', 818, 0),
('RAGAVI A', '2023FEE033', 'VIOLET VIPERS', 'EEE', 'GIRLS', 'I', 819, 0),
('SUBASHINI K', '2023FEE007', 'VIOLET VIPERS', 'EEE', 'GIRLS', 'I', 820, 0),
('ABINAYA P', '921022205003', 'VIOLET VIPERS', 'IT', 'GIRLS', 'II', 821, 1),
('NATHIYA P', '921022205010', 'VIOLET VIPERS', 'IT', 'GIRLS', 'II', 822, 1),
('RANA SUSMITHA R', '921022205017', 'VIOLET VIPERS', 'IT', 'GIRLS', 'II', 823, 1),
('ABI S', '2023FIT023', 'VIOLET VIPERS', 'IT', 'GIRLS', 'I', 824, 0),
('DIVYASRI P', '2023FIT010', 'VIOLET VIPERS', 'IT', 'GIRLS', 'I', 825, 0),
('LOGESHWARI S', '2023FIT007', 'VIOLET VIPERS', 'IT', 'GIRLS', 'I', 826, 0),
('NOORULNAFEELA A', '2023FIT025', 'VIOLET VIPERS', 'IT', 'GIRLS', 'I', 827, 0),
('SINDHU S', '2023FIT019', 'VIOLET VIPERS', 'IT', 'GIRLS', 'I', 828, 0),
('SUJITHA B', '2023FIT005', 'VIOLET VIPERS', 'IT', 'GIRLS', 'I', 829, 0),
('LAKSHMIPRABHA K', '921021114014', 'VIOLET VIPERS', 'MECH', 'GIRLS', 'III', 830, 0),
('VASUKI R', '921021114044', 'VIOLET VIPERS', 'MECH', 'GIRLS', 'III', 831, 0),
('RAM RAJ', 'MLE001', 'TIGER THRASHERS', 'MECH', 'BOYS', 'i', 832, 0);

--
-- Indexes for dumped tables
--

--
-- Indexes for table `admindb`
--
ALTER TABLE `admindb`
  ADD PRIMARY KEY (`id`);

--
-- Indexes for table `allotmentdb`
--
ALTER TABLE `allotmentdb`
  ADD PRIMARY KEY (`id`);

--
-- Indexes for table `eventdb`
--
ALTER TABLE `eventdb`
  ADD PRIMARY KEY (`event_id`),
  ADD UNIQUE KEY `event_id` (`event_id`);

--
-- Indexes for table `housedb`
--
ALTER TABLE `housedb`
  ADD PRIMARY KEY (`id`),
  ADD UNIQUE KEY `id` (`id`);

--
-- Indexes for table `registerationdb`
--
ALTER TABLE `registerationdb`
  ADD PRIMARY KEY (`id`);

--
-- Indexes for table `studentdb`
--
ALTER TABLE `studentdb`
  ADD PRIMARY KEY (`id`),
  ADD UNIQUE KEY `reg_no` (`reg_no`);

--
-- AUTO_INCREMENT for dumped tables
--

--
-- AUTO_INCREMENT for table `admindb`
--
ALTER TABLE `admindb`
  MODIFY `id` int NOT NULL AUTO_INCREMENT, AUTO_INCREMENT=95;

--
-- AUTO_INCREMENT for table `allotmentdb`
--
ALTER TABLE `allotmentdb`
  MODIFY `id` int NOT NULL AUTO_INCREMENT, AUTO_INCREMENT=269;

--
-- AUTO_INCREMENT for table `registerationdb`
--
ALTER TABLE `registerationdb`
  MODIFY `id` int NOT NULL AUTO_INCREMENT, AUTO_INCREMENT=987;

--
-- AUTO_INCREMENT for table `studentdb`
--
ALTER TABLE `studentdb`
  MODIFY `id` int NOT NULL AUTO_INCREMENT, AUTO_INCREMENT=833;
COMMIT;

/*!40101 SET CHARACTER_SET_CLIENT=@OLD_CHARACTER_SET_CLIENT */;
/*!40101 SET CHARACTER_SET_RESULTS=@OLD_CHARACTER_SET_RESULTS */;
/*!40101 SET COLLATION_CONNECTION=@OLD_COLLATION_CONNECTION */;
